run_num,run_id,scan_id,ordinal,wheel,direction,tension_state,metadata_correct_digit,before_code,after_code,before_digit,after_digit,truth_digit,is_true_gate,position_valid,collection_mode,action_type,sample_rate,channels,audio_duration_s,motion_duration_s,quality_valid,final_step,event_count,target_rms,target_peak,target_clipped,reference_rms,reference_peak,reference_clipped,audio_overflow,contains_non_finite,scan_start_code,scan_start_digit,transition
1,run_000001,1,1,1,CCW,UNLOADED,-1,4062,5062,4,5,3,0,True,digit_scan,DIGIT_MOVE,44100,2,1.4188888888888889,0.275576,True,171,2,0.005637531115795005,0.2095947265625,0,0.00470916141005733,0.1114501953125,0,False,False,4062,4,4→5
2,run_000002,1,2,1,CCW,UNLOADED,-1,5062,6062,5,6,3,0,True,digit_scan,DIGIT_MOVE,44100,2,1.4188888888888889,0.274777,True,171,2,0.002991250542542075,0.05078125,0,0.0021440908775212,0.030426025390625,0,False,False,4062,4,5→6
3,run_000003,1,3,1,CCW,UNLOADED,-1,6062,7062,6,7,3,0,True,digit_scan,DIGIT_MOVE,44100,2,1.4188888888888889,0.274845,True,171,2,0.0027844450094897744,0.1063232421875,0,0.0021593851287144547,0.0423583984375,0,False,False,4062,4,6→7
4,run_000004,1,4,1,CCW,UNLOADED,-1,7062,8062,7,8,3,0,True,digit_scan,DIGIT_MOVE,44100,2,1.4188888888888889,0.275687,True,171,2,0.002560386402691284,0.023101806640625,0,0.002146719300229423,0.0399169921875,0,False,False,4062,4,7→8
5,run_000005,1,5,1,CCW,UNLOADED,-1,8062,9062,8,9,3,0,True,digit_scan,DIGIT_MOVE,44100,2,1.4188888888888889,0.275161,True,171,2,0.0023694481258872534,0.026153564453125,0,0.0021257308501341286,0.033203125,0,False,False,4062,4,8→9
6,run_000006,1,6,1,CCW,UNLOADED,-1,9062,0062,9,0,3,0,True,digit_scan,DIGIT_MOVE,44100,2,1.4188888888888889,0.275007,True,171,2,0.002333423962610432,0.031280517578125,0,0.001950373931256082,0.038818359375,0,False,False,4062,4,9→0
7,run_000007,1,7,1,CCW,UNLOADED,-1,0062,1062,0,1,3,0,True,digit_scan,DIGIT_MOVE,44100,2,1.4188888888888889,0.274515,True,171,2,0.003263703660200908,0.149078369140625,0,0.002793155892242109,0.07208251953125,0,False,False,4062,4,0→1
8,run_000008,1,8,1,CCW,UNLOADED,-1,1062,2062,1,2,3,0,True,digit_scan,DIGIT_MOVE,44100,2,1.4188888888888889,0.273743,True,171,2,0.0022838427081695698,0.0316162109375,0,0.002393704349693637,0.042724609375,0,False,False,4062,4,1→2
9,run_000009,1,9,1,CCW,UNLOADED,-1,2062,3062,2,3,3,1,True,digit_scan,DIGIT_MOVE,44100,2,1.4188888888888889,0.273689,True,171,2,0.002236425272661216,0.031219482421875,0,0.002788334097189742,0.044342041015625,0,False,False,4062,4,2→3
10,run_000010,1,10,1,CCW,UNLOADED,-1,3062,4062,3,4,3,0,True,digit_scan,DIGIT_MOVE,44100,2,1.4188888888888889,0.273995,True,171,2,0.002987695229293874,0.08624267578125,0,0.0028132335039161645,0.043731689453125,0,False,False,4062,4,3→4
11,run_000011,2,1,1,CCW,LOADED,-1,4062,5062,4,5,3,0,True,digit_scan,DIGIT_MOVE,44100,2,1.4188888888888889,0.274833,True,171,2,0.0018397632034402047,0.014678955078125,0,0.0017614189437902036,0.0322265625,0,False,False,4062,4,4→5
12,run_000012,2,2,1,CCW,LOADED,-1,5062,6062,5,6,3,0,True,digit_scan,DIGIT_MOVE,44100,2,1.4188888888888889,0.275674,True,171,2,0.002069558115597964,0.02740478515625,0,0.00229480048244682,0.03948974609375,0,False,False,4062,4,5→6
13,run_000013,2,3,1,CCW,LOADED,-1,6062,7062,6,7,3,0,True,digit_scan,DIGIT_MOVE,44100,2,1.4188888888888889,0.274147,True,171,2,0.002329384704322375,0.06732177734375,0,0.0021593230496243674,0.036041259765625,0,False,False,4062,4,6→7
14,run_000014,2,4,1,CCW,LOADED,-1,7062,8062,7,8,3,0,True,digit_scan,DIGIT_MOVE,44100,2,1.4188888888888889,0.27473,True,171,2,0.0017111712506696496,0.018341064453125,0,0.0020794189396096943,0.036712646484375,0,False,False,4062,4,7→8
15,run_000015,2,5,1,CCW,LOADED,-1,8062,9062,8,9,3,0,True,digit_scan,DIGIT_MOVE,44100,2,1.4188888888888889,0.275374,True,171,2,0.0022543211994038117,0.0399169921875,0,0.002300196333098756,0.035736083984375,0,False,False,4062,4,8→9
16,run_000016,2,6,1,CCW,LOADED,-1,9062,0062,9,0,3,0,True,digit_scan,DIGIT_MOVE,44100,2,1.4188888888888889,0.2741,True,171,2,0.0016998907877740742,0.016204833984375,0,0.0019063074891821816,0.0367431640625,0,False,False,4062,4,9→0
17,run_000017,2,7,1,CCW,LOADED,-1,0062,1062,0,1,3,0,True,digit_scan,DIGIT_MOVE,44100,2,1.4188888888888889,0.273836,True,171,2,0.001647054535384633,0.013641357421875,0,0.0020152647787622458,0.03326416015625,0,False,False,4062,4,0→1
18,run_000018,2,8,1,CCW,LOADED,-1,1062,2062,1,2,3,0,True,digit_scan,DIGIT_MOVE,44100,2,1.4188888888888889,0.274181,True,171,2,0.001787466141015679,0.04388427734375,0,0.0021329108792978863,0.03082275390625,0,False,False,4062,4,1→2
19,run_000019,2,9,1,CCW,LOADED,-1,2062,3062,2,3,3,1,True,digit_scan,DIGIT_MOVE,44100,2,1.4188888888888889,0.274823,True,171,2,0.001510173665780895,0.01373291015625,0,0.0019851036441901294,0.033843994140625,0,False,False,4062,4,2→3
20,run_000020,2,10,1,CCW,LOADED,-1,3062,4062,3,4,3,0,True,digit_scan,DIGIT_MOVE,44100,2,1.4188888888888889,0.27474,True,171,2,0.0017465904436705087,0.0223388671875,0,0.0024863026350202848,0.03631591796875,0,False,False,4062,4,3→4
21,run_000021,3,1,1,CCW,LOADED,-1,7062,8062,7,8,3,0,True,digit_scan,DIGIT_MOVE,44100,2,1.4188888888888889,0.274902,True,171,2,0.001707387967649426,0.0267333984375,0,0.001816382572974742,0.037811279296875,0,False,False,7062,7,7→8
22,run_000022,3,2,1,CCW,LOADED,-1,8062,9062,8,9,3,0,True,digit_scan,DIGIT_MOVE,44100,2,1.4188888888888889,0.274159,True,171,2,0.002731075562695475,0.088348388671875,0,0.002143030736198428,0.04205322265625,0,False,False,7062,7,8→9
23,run_000023,3,3,1,CCW,LOADED,-1,9062,0062,9,0,3,0,True,digit_scan,DIGIT_MOVE,44100,2,1.4188888888888889,0.274998,True,171,2,0.0017799139400883333,0.02532958984375,0,0.0017016836321735336,0.036773681640625,0,False,False,7062,7,9→0
24,run_000024,3,4,1,CCW,LOADED,-1,0062,1062,0,1,3,0,True,digit_scan,DIGIT_MOVE,44100,2,1.4188888888888889,0.275547,True,171,2,0.0016835352113001372,0.019287109375,0,0.00195649027521196,0.031463623046875,0,False,False,7062,7,0→1
25,run_000025,3,5,1,CCW,LOADED,-1,1062,2062,1,2,3,0,True,digit_scan,DIGIT_MOVE,44100,2,1.4188888888888889,0.274345,True,171,2,0.001682809137673646,0.0186767578125,0,0.002229271866312587,0.029632568359375,0,False,False,7062,7,1→2
26,run_000026,3,6,1,CCW,LOADED,-1,2062,3062,2,3,3,1,True,digit_scan,DIGIT_MOVE,44100,2,1.4188888888888889,0.275609,True,171,2,0.0015741013684574152,0.01312255859375,0,0.002399374587160003,0.030242919921875,0,False,False,7062,7,2→3
27,run_000027,3,7,1,CCW,LOADED,-1,3062,4062,3,4,3,0,True,digit_scan,DIGIT_MOVE,44100,2,1.4188888888888889,0.274221,True,171,2,0.0017806185522672748,0.019317626953125,0,0.002142667856976961,0.02557373046875,0,False,False,7062,7,3→4
28,run_000028,3,8,1,CCW,LOADED,-1,4062,5062,4,5,3,0,True,digit_scan,DIGIT_MOVE,44100,2,1.4188888888888889,0.274389,True,171,2,0.0018575232939752097,0.017852783203125,0,0.002087723439068451,0.02978515625,0,False,False,7062,7,4→5
29,run_000029,3,9,1,CCW,LOADED,-1,5062,6062,5,6,3,0,True,digit_scan,DIGIT_MOVE,44100,2,1.4188888888888889,0.275371,True,171,2,0.002235311506529286,0.03863525390625,0,0.002296077444610458,0.039764404296875,0,False,False,7062,7,5→6
30,run_000030,3,10,1,CCW,LOADED,-1,6062,7062,6,7,3,0,True,digit_scan,DIGIT_MOVE,44100,2,1.4188888888888889,0.274224,True,171,2,0.0022962765808054483,0.044158935546875,0,0.002079647542752999,0.032562255859375,0,False,False,7062,7,6→7
31,run_000031,4,1,1,CCW,UNLOADED,-1,7062,8062,7,8,3,0,True,digit_scan,DIGIT_MOVE,44100,2,1.4188888888888889,0.274508,True,171,2,0.005509058749920412,0.185577392578125,0,0.007396982268003628,0.214599609375,0,False,False,7062,7,7→8
32,run_000032,4,2,1,CCW,UNLOADED,-1,8062,9062,8,9,3,0,True,digit_scan,DIGIT_MOVE,44100,2,1.4188888888888889,0.275506,True,171,2,0.002216910452425703,0.030853271484375,0,0.002121909537358355,0.037384033203125,0,False,False,7062,7,8→9
33,run_000033,4,3,1,CCW,UNLOADED,-1,9062,0062,9,0,3,0,True,digit_scan,DIGIT_MOVE,44100,2,1.4188888888888889,0.275479,True,171,2,0.00234285004846354,0.020599365234375,0,0.0022192944442217715,0.041778564453125,0,False,False,7062,7,9→0
34,run_000034,4,4,1,CCW,UNLOADED,-1,0062,1062,0,1,3,0,True,digit_scan,DIGIT_MOVE,44100,2,1.4188888888888889,0.274463,True,171,2,0.0019808838737398237,0.016754150390625,0,0.0020776791362341752,0.032958984375,0,False,False,7062,7,0→1
35,run_000035,4,5,1,CCW,UNLOADED,-1,1062,2062,1,2,3,0,True,digit_scan,DIGIT_MOVE,44100,2,1.4188888888888889,0.274701,True,171,2,0.002318094780456298,0.02679443359375,0,0.0022577580314196506,0.036895751953125,0,False,False,7062,7,1→2
36,run_000036,4,6,1,CCW,UNLOADED,-1,2062,3062,2,3,3,1,True,digit_scan,DIGIT_MOVE,44100,2,1.4188888888888889,0.274292,True,171,2,0.004173135065271491,0.137054443359375,0,0.0027659626630981587,0.046844482421875,0,False,False,7062,7,2→3
37,run_000037,4,7,1,CCW,UNLOADED,-1,3062,4062,3,4,3,0,True,digit_scan,DIGIT_MOVE,44100,2,1.4188888888888889,0.274525,True,171,2,0.003186314622175349,0.094146728515625,0,0.0025550518681343305,0.035797119140625,0,False,False,7062,7,3→4
38,run_000038,4,8,1,CCW,UNLOADED,-1,4062,5062,4,5,3,0,True,digit_scan,DIGIT_MOVE,44100,2,1.4188888888888889,0.273892,True,171,2,0.0030915754783501547,0.0709228515625,0,0.002756615503187393,0.050018310546875,0,False,False,7062,7,4→5
39,run_000039,4,9,1,CCW,UNLOADED,-1,5062,6062,5,6,3,0,True,digit_scan,DIGIT_MOVE,44100,2,1.4188888888888889,0.274491,True,171,2,0.0019358694038843025,0.016448974609375,0,0.00221528648018999,0.038055419921875,0,False,False,7062,7,5→6
40,run_000040,4,10,1,CCW,UNLOADED,-1,6062,7062,6,7,3,0,True,digit_scan,DIGIT_MOVE,44100,2,1.4188888888888889,0.275304,True,171,2,0.00322888458898644,0.096710205078125,0,0.0033981135881301964,0.07086181640625,0,False,False,7062,7,6→7
41,run_000041,5,1,1,CCW,UNLOADED,-1,0062,1062,0,1,3,0,True,digit_scan,DIGIT_MOVE,44100,2,1.3876190476190475,0.274675,True,171,2,0.0026726888943438636,0.0499267578125,0,0.0031602116470400765,0.090301513671875,0,False,False,0062,0,0→1
42,run_000042,5,2,1,CCW,UNLOADED,-1,1062,2062,1,2,3,0,True,digit_scan,DIGIT_MOVE,44100,2,1.4188888888888889,0.274918,True,171,2,0.003328393657596714,0.09893798828125,0,0.003837136870252737,0.063446044921875,0,False,False,0062,0,1→2
43,run_000043,5,3,1,CCW,UNLOADED,-1,2062,3062,2,3,3,1,True,digit_scan,DIGIT_MOVE,44100,2,1.4188888888888889,0.275049,True,171,2,0.0020124246775172386,0.017333984375,0,0.0022036410253656815,0.0279541015625,0,False,False,0062,0,2→3
44,run_000044,5,4,1,CCW,UNLOADED,-1,3062,4062,3,4,3,0,True,digit_scan,DIGIT_MOVE,44100,2,1.4188888888888889,0.275494,True,171,2,0.0023476446608790232,0.032135009765625,0,0.002353912887682856,0.030059814453125,0,False,False,0062,0,3→4
45,run_000045,5,5,1,CCW,UNLOADED,-1,4062,5062,4,5,3,0,True,digit_scan,DIGIT_MOVE,44100,2,1.4188888888888889,0.274453,True,171,2,0.0022771519122609042,0.0321044921875,0,0.0024187614505201136,0.042877197265625,0,False,False,0062,0,4→5
46,run_000046,5,6,1,CCW,UNLOADED,-1,5062,6062,5,6,3,0,True,digit_scan,DIGIT_MOVE,44100,2,1.4188888888888889,0.274251,True,171,2,0.002321208033009979,0.0205078125,0,0.002018432102963611,0.045135498046875,0,False,False,0062,0,5→6
47,run_000047,5,7,1,CCW,UNLOADED,-1,6062,7062,6,7,3,0,True,digit_scan,DIGIT_MOVE,44100,2,1.4188888888888889,0.274443,True,171,2,0.0025428097841130263,0.05169677734375,0,0.0022358729722664356,0.038299560546875,0,False,False,0062,0,6→7
48,run_000048,5,8,1,CCW,UNLOADED,-1,7062,8062,7,8,3,0,True,digit_scan,DIGIT_MOVE,44100,2,1.4188888888888889,0.275046,True,171,2,0.001980114535096386,0.020538330078125,0,0.0019433597372790071,0.036407470703125,0,False,False,0062,0,7→8
49,run_000049,5,9,1,CCW,UNLOADED,-1,8062,9062,8,9,3,0,True,digit_scan,DIGIT_MOVE,44100,2,1.4188888888888889,0.275421,True,171,2,0.0038519712383407513,0.132080078125,0,0.0034481270666553493,0.06109619140625,0,False,False,0062,0,8→9
50,run_000050,5,10,1,CCW,UNLOADED,-1,9062,0062,9,0,3,0,True,digit_scan,DIGIT_MOVE,44100,2,1.4188888888888889,0.273956,True,171,2,0.00320791789950148,0.1014404296875,0,0.003679160791250505,0.08428955078125,0,False,False,0062,0,9→0
51,run_000051,6,1,1,CCW,LOADED,-1,0062,1062,0,1,3,0,True,digit_scan,DIGIT_MOVE,44100,2,1.4188888888888889,0.275395,True,171,2,0.004464959307975348,0.1353759765625,0,0.006279880042100258,0.19384765625,0,False,False,0062,0,0→1
52,run_000052,6,2,1,CCW,LOADED,-1,1062,2062,1,2,3,0,True,digit_scan,DIGIT_MOVE,44100,2,1.4188888888888889,0.275128,True,171,2,0.0022060838418157492,0.029815673828125,0,0.002071271613931573,0.030609130859375,0,False,False,0062,0,1→2
53,run_000053,6,3,1,CCW,LOADED,-1,2062,3062,2,3,3,1,True,digit_scan,DIGIT_MOVE,44100,2,1.4188888888888889,0.274755,True,171,2,0.0022661311473603516,0.013031005859375,0,0.00206480591799045,0.03399658203125,0,False,False,0062,0,2→3
54,run_000054,6,4,1,CCW,LOADED,-1,3062,4062,3,4,3,0,True,digit_scan,DIGIT_MOVE,44100,2,1.4188888888888889,0.273836,True,171,2,0.0020638538149034356,0.039459228515625,0,0.0019925047415859753,0.03857421875,0,False,False,0062,0,3→4
55,run_000055,6,5,1,CCW,LOADED,-1,4062,5062,4,5,3,0,True,digit_scan,DIGIT_MOVE,44100,2,1.4188888888888889,0.274834,True,171,2,0.001968205625432978,0.017486572265625,0,0.002023920041529323,0.041412353515625,0,False,False,0062,0,4→5
56,run_000056,6,6,1,CCW,LOADED,-1,5062,6062,5,6,3,0,True,digit_scan,DIGIT_MOVE,44100,2,1.4188888888888889,0.274908,True,171,2,0.00228602464201098,0.0189208984375,0,0.0019864258002247216,0.045135498046875,0,False,False,0062,0,5→6
57,run_000057,6,7,1,CCW,LOADED,-1,6062,7062,6,7,3,0,True,digit_scan,DIGIT_MOVE,44100,2,1.4188888888888889,0.275443,True,171,2,0.0024046386244048895,0.029327392578125,0,0.002068540618989777,0.038482666015625,0,False,False,0062,0,6→7
58,run_000058,6,8,1,CCW,LOADED,-1,7062,8062,7,8,3,0,True,digit_scan,DIGIT_MOVE,44100,2,1.4188888888888889,0.27516,True,171,2,0.0021059938715126836,0.02032470703125,0,0.0022576703292967355,0.044464111328125,0,False,False,0062,0,7→8
59,run_000059,6,9,1,CCW,LOADED,-1,8062,9062,8,9,3,0,True,digit_scan,DIGIT_MOVE,44100,2,1.4188888888888889,0.275425,True,171,2,0.0020378029901616424,0.01641845703125,0,0.0021188914107424907,0.032073974609375,0,False,False,0062,0,8→9
60,run_000060,6,10,1,CCW,LOADED,-1,9062,0062,9,0,3,0,True,digit_scan,DIGIT_MOVE,44100,2,1.4188888888888889,0.275403,True,171,2,0.002235857348683627,0.020111083984375,0,0.002102705032309071,0.03082275390625,0,False,False,0062,0,9→0
61,run_000061,7,1,1,CCW,LOADED,-1,5062,6062,5,6,3,0,True,digit_scan,DIGIT_MOVE,44100,2,1.4188888888888889,0.275072,True,171,2,0.00226842763070831,0.01434326171875,0,0.0019967003331302084,0.0411376953125,0,False,False,5062,5,5→6
62,run_000062,7,2,1,CCW,LOADED,-1,6062,7062,6,7,3,0,True,digit_scan,DIGIT_MOVE,44100,2,1.3876190476190475,0.274435,True,171,2,0.0027532781652424075,0.026519775390625,0,0.0019453853182781488,0.040191650390625,0,False,False,5062,5,6→7
63,run_000063,7,3,1,CCW,LOADED,-1,7062,8062,7,8,3,0,True,digit_scan,DIGIT_MOVE,44100,2,1.4188888888888889,0.275301,True,171,2,0.0021310480016680914,0.0284423828125,0,0.001861931142798213,0.032012939453125,0,False,False,5062,5,7→8
64,run_000064,7,4,1,CCW,LOADED,-1,8062,9062,8,9,3,0,True,digit_scan,DIGIT_MOVE,44100,2,1.4188888888888889,0.274441,True,171,2,0.002020017918353251,0.02398681640625,0,0.002401133294514448,0.031005859375,0,False,False,5062,5,8→9
65,run_000065,7,5,1,CCW,LOADED,-1,9062,0062,9,0,3,0,True,digit_scan,DIGIT_MOVE,44100,2,1.4188888888888889,0.274298,True,171,2,0.0021574852335567636,0.019500732421875,0,0.0024267572070947783,0.033233642578125,0,False,False,5062,5,9→0
66,run_000066,7,6,1,CCW,LOADED,-1,0062,1062,0,1,3,0,True,digit_scan,DIGIT_MOVE,44100,2,1.4188888888888889,0.27442,True,171,2,0.0019224774345971741,0.01800537109375,0,0.0021503922245534835,0.02850341796875,0,False,False,5062,5,0→1
67,run_000067,7,7,1,CCW,LOADED,-1,1062,2062,1,2,3,0,True,digit_scan,DIGIT_MOVE,44100,2,1.4188888888888889,0.275358,True,171,2,0.002918506178372736,0.076568603515625,0,0.002584055457234921,0.031036376953125,0,False,False,5062,5,1→2
68,run_000068,7,8,1,CCW,LOADED,-1,2062,3062,2,3,3,1,True,digit_scan,DIGIT_MOVE,44100,2,1.4188888888888889,0.274378,True,171,2,0.002099177847237337,0.018585205078125,0,0.0017833230506812785,0.033447265625,0,False,False,5062,5,2→3
69,run_000069,7,9,1,CCW,LOADED,-1,3062,4062,3,4,3,0,True,digit_scan,DIGIT_MOVE,44100,2,1.4188888888888889,0.275413,True,171,2,0.004582328514141335,0.163543701171875,0,0.002909261004339103,0.072601318359375,0,False,False,5062,5,3→4
70,run_000070,7,10,1,CCW,LOADED,-1,4062,5062,4,5,3,0,True,digit_scan,DIGIT_MOVE,44100,2,1.4188888888888889,0.275069,True,171,2,0.00197625659765511,0.014373779296875,0,0.0020033270178732537,0.035888671875,0,False,False,5062,5,4→5
71,run_000071,8,1,1,CCW,UNLOADED,-1,5062,6062,5,6,3,0,True,digit_scan,DIGIT_MOVE,44100,2,1.4188888888888889,0.274587,True,171,2,0.005870709178727202,0.27239990234375,0,0.008093847538196705,0.24114990234375,0,False,False,5062,5,5→6
72,run_000072,8,2,1,CCW,UNLOADED,-1,6062,7062,6,7,3,0,True,digit_scan,DIGIT_MOVE,44100,2,1.4188888888888889,0.27374,True,171,2,0.0026156507124308168,0.025665283203125,0,0.0020705260591155255,0.0419921875,0,False,False,5062,5,6→7
73,run_000073,8,3,1,CCW,UNLOADED,-1,7062,8062,7,8,3,0,True,digit_scan,DIGIT_MOVE,44100,2,1.4188888888888889,0.273829,True,171,2,0.0022258221134551343,0.03076171875,0,0.0025220394856026026,0.040863037109375,0,False,False,5062,5,7→8
74,run_000074,8,4,1,CCW,UNLOADED,-1,8062,9062,8,9,3,0,True,digit_scan,DIGIT_MOVE,44100,2,1.4188888888888889,0.274641,True,171,2,0.002232019180246487,0.0240478515625,0,0.00215957113817938,0.03802490234375,0,False,False,5062,5,8→9
75,run_000075,8,5,1,CCW,UNLOADED,-1,9062,0062,9,0,3,0,True,digit_scan,DIGIT_MOVE,44100,2,1.4188888888888889,0.274302,True,171,2,0.002163795348897727,0.014251708984375,0,0.0021052742260978144,0.036163330078125,0,False,False,5062,5,9→0
76,run_000076,8,6,1,CCW,UNLOADED,-1,0062,1062,0,1,3,0,True,digit_scan,DIGIT_MOVE,44100,2,1.4188888888888889,0.274805,True,171,2,0.0026330945487844527,0.047515869140625,0,0.0025520235378284784,0.044891357421875,0,False,False,5062,5,0→1
77,run_000077,8,7,1,CCW,UNLOADED,-1,1062,2062,1,2,3,0,True,digit_scan,DIGIT_MOVE,44100,2,1.4188888888888889,0.275543,True,171,2,0.0026383675687648663,0.084869384765625,0,0.0024772422646202287,0.05596923828125,0,False,False,5062,5,1→2
78,run_000078,8,8,1,CCW,UNLOADED,-1,2062,3062,2,3,3,1,True,digit_scan,DIGIT_MOVE,44100,2,1.4188888888888889,0.274197,True,171,2,0.0039541944108622135,0.119659423828125,0,0.0025428511020788866,0.036834716796875,0,False,False,5062,5,2→3
79,run_000079,8,9,1,CCW,UNLOADED,-1,3062,4062,3,4,3,0,True,digit_scan,DIGIT_MOVE,44100,2,1.4188888888888889,0.274351,True,171,2,0.0022773869232812207,0.034881591796875,0,0.0020930665206285236,0.039337158203125,0,False,False,5062,5,3→4
80,run_000080,8,10,1,CCW,UNLOADED,-1,4062,5062,4,5,3,0,True,digit_scan,DIGIT_MOVE,44100,2,1.4188888888888889,0.2752,True,171,2,0.00300738683468891,0.11724853515625,0,0.002448473749029969,0.03460693359375,0,False,False,5062,5,4→5
81,run_000081,9,1,1,CCW,UNLOADED,-1,8062,9062,8,9,3,0,True,digit_scan,DIGIT_MOVE,44100,2,1.4188888888888889,0.275064,True,171,2,0.00257264840312332,0.05242919921875,0,0.0033012495260028706,0.092041015625,0,False,False,8062,8,8→9
82,run_000082,9,2,1,CCW,UNLOADED,-1,9062,0062,9,0,3,0,True,digit_scan,DIGIT_MOVE,44100,2,1.4188888888888889,0.274451,True,171,2,0.0037130402951169985,0.1092529296875,0,0.004677929784301648,0.093994140625,0,False,False,8062,8,9→0
83,run_000083,9,3,1,CCW,UNLOADED,-1,0062,1062,0,1,3,0,True,digit_scan,DIGIT_MOVE,44100,2,1.4188888888888889,0.275499,True,171,2,0.0027897341076867977,0.093597412109375,0,0.002357670511258696,0.026519775390625,0,False,False,8062,8,0→1
84,run_000084,9,4,1,CCW,UNLOADED,-1,1062,2062,1,2,3,0,True,digit_scan,DIGIT_MOVE,44100,2,1.4188888888888889,0.275268,True,171,2,0.002443136007510827,0.068359375,0,0.002364598461214437,0.0360107421875,0,False,False,8062,8,1→2
85,run_000085,9,5,1,CCW,UNLOADED,-1,2062,3062,2,3,3,1,True,digit_scan,DIGIT_MOVE,44100,2,1.4188888888888889,0.273815,True,171,2,0.0018105179948013598,0.017120361328125,0,0.001910929583831269,0.041656494140625,0,False,False,8062,8,2→3
86,run_000086,9,6,1,CCW,UNLOADED,-1,3062,4062,3,4,3,0,True,digit_scan,DIGIT_MOVE,44100,2,1.4188888888888889,0.275131,True,171,2,0.002757694616197051,0.044921875,0,0.0021355630914223055,0.0406494140625,0,False,False,8062,8,3→4
87,run_000087,9,7,1,CCW,UNLOADED,-1,4062,5062,4,5,3,0,True,digit_scan,DIGIT_MOVE,44100,2,1.4188888888888889,0.274961,True,171,2,0.0020337564714522816,0.019134521484375,0,0.0020650648065097233,0.0338134765625,0,False,False,8062,8,4→5
88,run_000088,9,8,1,CCW,UNLOADED,-1,5062,6062,5,6,3,0,True,digit_scan,DIGIT_MOVE,44100,2,1.4188888888888889,0.275697,True,171,2,0.002245870060537114,0.02850341796875,0,0.0027580750858132055,0.0560302734375,0,False,False,8062,8,5→6
89,run_000089,9,9,1,CCW,UNLOADED,-1,6062,7062,6,7,3,0,True,digit_scan,DIGIT_MOVE,44100,2,1.4188888888888889,0.274726,True,171,2,0.0021121962383958085,0.022735595703125,0,0.0030125778938331496,0.043731689453125,0,False,False,8062,8,6→7
90,run_000090,9,10,1,CCW,UNLOADED,-1,7062,8062,7,8,3,0,True,digit_scan,DIGIT_MOVE,44100,2,1.4188888888888889,0.274966,True,171,2,0.002551265937349672,0.086456298828125,0,0.0028220705252322864,0.044708251953125,0,False,False,8062,8,7→8
91,run_000091,10,1,1,CCW,LOADED,-1,8062,9062,8,9,3,0,True,digit_scan,DIGIT_MOVE,44100,2,1.4188888888888889,0.274206,True,171,2,0.004111504476960084,0.117095947265625,0,0.007810010432855211,0.305419921875,0,False,False,8062,8,8→9
92,run_000092,10,2,1,CCW,LOADED,-1,9062,0062,9,0,3,0,True,digit_scan,DIGIT_MOVE,44100,2,1.4188888888888889,0.275021,True,171,2,0.002268059132710137,0.019012451171875,0,0.0024909915042457846,0.0379638671875,0,False,False,8062,8,9→0
93,run_000093,10,3,1,CCW,LOADED,-1,0062,1062,0,1,3,0,True,digit_scan,DIGIT_MOVE,44100,2,1.4188888888888889,0.274165,True,171,2,0.002086358808322491,0.015411376953125,0,0.002084113214787859,0.037933349609375,0,False,False,8062,8,0→1
94,run_000094,10,4,1,CCW,LOADED,-1,1062,2062,1,2,3,0,True,digit_scan,DIGIT_MOVE,44100,2,1.4188888888888889,0.27457,True,171,2,0.002126402660748133,0.036865234375,0,0.002205220493852931,0.03875732421875,0,False,False,8062,8,1→2
95,run_000095,10,5,1,CCW,LOADED,-1,2062,3062,2,3,3,1,True,digit_scan,DIGIT_MOVE,44100,2,1.4188888888888889,0.273977,True,171,2,0.0017753385901424883,0.013427734375,0,0.001854908467988959,0.040283203125,0,False,False,8062,8,2→3
96,run_000096,10,6,1,CCW,LOADED,-1,3062,4062,3,4,3,0,True,digit_scan,DIGIT_MOVE,44100,2,1.4188888888888889,0.274853,True,171,2,0.004851340982303384,0.16943359375,0,0.003053961953367257,0.069366455078125,0,False,False,8062,8,3→4
97,run_000097,10,7,1,CCW,LOADED,-1,4062,5062,4,5,3,0,True,digit_scan,DIGIT_MOVE,44100,2,1.4188888888888889,0.275526,True,171,2,0.0016692402796008533,0.013916015625,0,0.00186256519351851,0.034454345703125,0,False,False,8062,8,4→5
98,run_000098,10,8,1,CCW,LOADED,-1,5062,6062,5,6,3,0,True,digit_scan,DIGIT_MOVE,44100,2,1.4188888888888889,0.274647,True,171,2,0.0018621027523034843,0.021820068359375,0,0.0020932544699009425,0.0323486328125,0,False,False,8062,8,5→6
99,run_000099,10,9,1,CCW,LOADED,-1,6062,7062,6,7,3,0,True,digit_scan,DIGIT_MOVE,44100,2,1.4188888888888889,0.274711,True,171,2,0.0020153696171746793,0.02935791015625,0,0.0024882972963257166,0.027923583984375,0,False,False,8062,8,6→7
100,run_000100,10,10,1,CCW,LOADED,-1,7062,8062,7,8,3,0,True,digit_scan,DIGIT_MOVE,44100,2,1.4188888888888889,0.274611,True,171,2,0.0019972009121918778,0.031097412109375,0,0.002282303365461804,0.027679443359375,0,False,False,8062,8,7→8
101,run_000101,11,1,1,CCW,LOADED,-1,1062,2062,1,2,3,0,True,digit_scan,DIGIT_MOVE,44100,2,1.4188888888888889,0.274102,True,171,2,0.0034673524308570006,0.092620849609375,0,0.004715377370571959,0.14874267578125,0,False,False,1062,1,1→2
102,run_000102,11,2,1,CCW,LOADED,-1,2062,3062,2,3,3,1,True,digit_scan,DIGIT_MOVE,44100,2,1.4188888888888889,0.273967,True,171,2,0.0031621994873300262,0.067901611328125,0,0.0022137063071097744,0.0433349609375,0,False,False,1062,1,2→3
103,run_000103,11,3,1,CCW,LOADED,-1,3062,4062,3,4,3,0,True,digit_scan,DIGIT_MOVE,44100,2,1.4188888888888889,0.27459,True,171,2,0.007696853722450265,0.293182373046875,0,0.0041465193587195024,0.14447021484375,0,False,False,1062,1,3→4
104,run_000104,11,4,1,CCW,LOADED,-1,4062,5062,4,5,3,0,True,digit_scan,DIGIT_MOVE,44100,2,1.4188888888888889,0.275445,True,171,2,0.0018436124312593148,0.0264892578125,0,0.0017764280938399734,0.037506103515625,0,False,False,1062,1,4→5
105,run_000105,11,5,1,CCW,LOADED,-1,5062,6062,5,6,3,0,True,digit_scan,DIGIT_MOVE,44100,2,1.4188888888888889,0.275605,True,171,2,0.001832144317436847,0.025665283203125,0,0.002155583228864506,0.034820556640625,0,False,False,1062,1,5→6
106,run_000106,11,6,1,CCW,LOADED,-1,6062,7062,6,7,3,0,True,digit_scan,DIGIT_MOVE,44100,2,1.3876190476190475,0.274856,True,171,2,0.0021154752519522936,0.022552490234375,0,0.00242048562724238,0.0284423828125,0,False,False,1062,1,6→7
107,run_000107,11,7,1,CCW,LOADED,-1,7062,8062,7,8,3,0,True,digit_scan,DIGIT_MOVE,44100,2,1.4188888888888889,0.274754,True,171,2,0.001855716139977963,0.040191650390625,0,0.002219580301946584,0.027679443359375,0,False,False,1062,1,7→8
108,run_000108,11,8,1,CCW,LOADED,-1,8062,9062,8,9,3,0,True,digit_scan,DIGIT_MOVE,44100,2,1.4188888888888889,0.27424,True,171,2,0.0023232863453144315,0.07366943359375,0,0.002530778921386738,0.03448486328125,0,False,False,1062,1,8→9
109,run_000109,11,9,1,CCW,LOADED,-1,9062,0062,9,0,3,0,True,digit_scan,DIGIT_MOVE,44100,2,1.4188888888888889,0.274206,True,171,2,0.0020415685929867145,0.017333984375,0,0.0020114089250020725,0.036163330078125,0,False,False,1062,1,9→0
110,run_000110,11,10,1,CCW,LOADED,-1,0062,1062,0,1,3,0,True,digit_scan,DIGIT_MOVE,44100,2,1.4188888888888889,0.275223,True,171,2,0.0021642289121277,0.0557861328125,0,0.0021073704965210087,0.034271240234375,0,False,False,1062,1,0→1
111,run_000111,12,1,1,CCW,UNLOADED,-1,1062,2062,1,2,3,0,True,digit_scan,DIGIT_MOVE,44100,2,1.4188888888888889,0.275691,True,171,2,0.003865468230848101,0.0882568359375,0,0.0051625461147114336,0.17333984375,0,False,False,1062,1,1→2
112,run_000112,12,2,1,CCW,UNLOADED,-1,2062,3062,2,3,3,1,True,digit_scan,DIGIT_MOVE,44100,2,1.4188888888888889,0.275234,True,171,2,0.003300113064032627,0.120819091796875,0,0.002582355070424969,0.0452880859375,0,False,False,1062,1,2→3
113,run_000113,12,3,1,CCW,UNLOADED,-1,3062,4062,3,4,3,0,True,digit_scan,DIGIT_MOVE,44100,2,1.4188888888888889,0.27548,True,171,2,0.0035072925346275926,0.0682373046875,0,0.0019455665965741702,0.03131103515625,0,False,False,1062,1,3→4
114,run_000114,12,4,1,CCW,UNLOADED,-1,4062,5062,4,5,3,0,True,digit_scan,DIGIT_MOVE,44100,2,1.4188888888888889,0.274482,True,171,2,0.0017096066992693107,0.0250244140625,0,0.0019879884563814335,0.034698486328125,0,False,False,1062,1,4→5
115,run_000115,12,5,1,CCW,UNLOADED,-1,5062,6062,5,6,3,0,True,digit_scan,DIGIT_MOVE,44100,2,1.4188888888888889,0.275043,True,171,2,0.0019228554420640418,0.01959228515625,0,0.002322552891872976,0.039337158203125,0,False,False,1062,1,5→6
116,run_000116,12,6,1,CCW,UNLOADED,-1,6062,7062,6,7,3,0,True,digit_scan,DIGIT_MOVE,44100,2,1.4188888888888889,0.274361,True,171,2,0.001863241625547401,0.03271484375,0,0.00216347233210121,0.029876708984375,0,False,False,1062,1,6→7
117,run_000117,12,7,1,CCW,UNLOADED,-1,7062,8062,7,8,3,0,True,digit_scan,DIGIT_MOVE,44100,2,1.4188888888888889,0.274381,True,171,2,0.001758102979891123,0.0225830078125,0,0.002146106332760973,0.034210205078125,0,False,False,1062,1,7→8
118,run_000118,12,8,1,CCW,UNLOADED,-1,8062,9062,8,9,3,0,True,digit_scan,DIGIT_MOVE,44100,2,1.4188888888888889,0.274575,True,171,2,0.0019424451357335818,0.044342041015625,0,0.002190664666820433,0.029693603515625,0,False,False,1062,1,8→9
119,run_000119,12,9,1,CCW,UNLOADED,-1,9062,0062,9,0,3,0,True,digit_scan,DIGIT_MOVE,44100,2,1.4188888888888889,0.274825,True,171,2,0.0025444197341283298,0.089080810546875,0,0.0024379945151334474,0.042144775390625,0,False,False,1062,1,9→0
120,run_000120,12,10,1,CCW,UNLOADED,-1,0062,1062,0,1,3,0,True,digit_scan,DIGIT_MOVE,44100,2,1.4188888888888889,0.274334,True,171,2,0.002130732796510541,0.0445556640625,0,0.002068755290514587,0.0390625,0,False,False,1062,1,0→1
121,run_000121,13,1,1,CCW,UNLOADED,-1,2062,3062,2,3,3,1,True,digit_scan,DIGIT_MOVE,44100,2,1.4188888888888889,0.275565,True,171,2,0.005406780059926078,0.12261962890625,0,0.009027616533655424,0.285064697265625,0,False,False,2062,2,2→3
122,run_000122,13,2,1,CCW,UNLOADED,-1,3062,4062,3,4,3,0,True,digit_scan,DIGIT_MOVE,44100,2,1.4188888888888889,0.274509,True,171,2,0.007040051946615195,0.22503662109375,0,0.004746045970613145,0.12847900390625,0,False,False,2062,2,3→4
123,run_000123,13,3,1,CCW,UNLOADED,-1,4062,5062,4,5,3,0,True,digit_scan,DIGIT_MOVE,44100,2,1.4188888888888889,0.275142,True,171,2,0.00214043409605381,0.024993896484375,0,0.0027309181002186413,0.034942626953125,0,False,False,2062,2,4→5
124,run_000124,13,4,1,CCW,UNLOADED,-1,5062,6062,5,6,3,0,True,digit_scan,DIGIT_MOVE,44100,2,1.4188888888888889,0.275293,True,171,2,0.0019723251492536524,0.01544189453125,0,0.0025695494838287743,0.02947998046875,0,False,False,2062,2,5→6
125,run_000125,13,5,1,CCW,UNLOADED,-1,6062,7062,6,7,3,0,True,digit_scan,DIGIT_MOVE,44100,2,1.4188888888888889,0.274906,True,171,2,0.0017997947005896275,0.02239990234375,0,0.0024657839882207397,0.02703857421875,0,False,False,2062,2,6→7
126,run_000126,13,6,1,CCW,UNLOADED,-1,7062,8062,7,8,3,0,True,digit_scan,DIGIT_MOVE,44100,2,1.4188888888888889,0.274531,True,171,2,0.0016453775003008014,0.024383544921875,0,0.0022077300117834564,0.039703369140625,0,False,False,2062,2,7→8
127,run_000127,13,7,1,CCW,UNLOADED,-1,8062,9062,8,9,3,0,True,digit_scan,DIGIT_MOVE,44100,2,1.4188888888888889,0.274023,True,171,2,0.0017841240121103073,0.0260009765625,0,0.0019965098434853983,0.030120849609375,0,False,False,2062,2,8→9
128,run_000128,13,8,1,CCW,UNLOADED,-1,9062,0062,9,0,3,0,True,digit_scan,DIGIT_MOVE,44100,2,1.4188888888888889,0.273917,True,171,2,0.0019071765360094352,0.020660400390625,0,0.0019302772235161166,0.033599853515625,0,False,False,2062,2,9→0
129,run_000129,13,9,1,CCW,UNLOADED,-1,0062,1062,0,1,3,0,True,digit_scan,DIGIT_MOVE,44100,2,1.4188888888888889,0.274566,True,171,2,0.002061943810866445,0.04376220703125,0,0.0022890527708302917,0.03839111328125,0,False,False,2062,2,0→1
130,run_000130,13,10,1,CCW,UNLOADED,-1,1062,2062,1,2,3,0,True,digit_scan,DIGIT_MOVE,44100,2,1.4188888888888889,0.273828,True,171,2,0.004462664880846704,0.20361328125,0,0.0034815343332923313,0.079193115234375,0,False,False,2062,2,1→2
131,run_000131,14,1,1,CCW,LOADED,-1,2062,3062,2,3,3,1,True,digit_scan,DIGIT_MOVE,44100,2,1.4188888888888889,0.275266,True,171,2,0.002116152891207411,0.037506103515625,0,0.0016741207320475483,0.039093017578125,0,False,False,2062,2,2→3
132,run_000132,14,2,1,CCW,LOADED,-1,3062,4062,3,4,3,0,True,digit_scan,DIGIT_MOVE,44100,2,1.4188888888888889,0.274557,True,171,2,0.004824033659607269,0.17596435546875,0,0.0033703472793766417,0.0902099609375,0,False,False,2062,2,3→4
133,run_000133,14,3,1,CCW,LOADED,-1,4062,5062,4,5,3,0,True,digit_scan,DIGIT_MOVE,44100,2,1.4188888888888889,0.27413,True,171,2,0.002192491387595517,0.03668212890625,0,0.0022897323435146708,0.033905029296875,0,False,False,2062,2,4→5
134,run_000134,14,4,1,CCW,LOADED,-1,5062,6062,5,6,3,0,True,digit_scan,DIGIT_MOVE,44100,2,1.4188888888888889,0.274643,True,171,2,0.0023341459337637553,0.029541015625,0,0.0021991865147129013,0.02685546875,0,False,False,2062,2,5→6
135,run_000135,14,5,1,CCW,LOADED,-1,6062,7062,6,7,3,0,True,digit_scan,DIGIT_MOVE,44100,2,1.4188888888888889,0.274348,True,171,2,0.002302786637229233,0.025909423828125,0,0.002222411685938206,0.03204345703125,0,False,False,2062,2,6→7
136,run_000136,14,6,1,CCW,LOADED,-1,7062,8062,7,8,3,0,True,digit_scan,DIGIT_MOVE,44100,2,1.4188888888888889,0.274218,True,171,2,0.0024031818667823745,0.0303955078125,0,0.0022287748174701673,0.033599853515625,0,False,False,2062,2,7→8
137,run_000137,14,7,1,CCW,LOADED,-1,8062,9062,8,9,3,0,True,digit_scan,DIGIT_MOVE,44100,2,1.4188888888888889,0.275301,True,171,2,0.002544979617354478,0.065277099609375,0,0.0024660031440936524,0.043212890625,0,False,False,2062,2,8→9
138,run_000138,14,8,1,CCW,LOADED,-1,9062,0062,9,0,3,0,True,digit_scan,DIGIT_MOVE,44100,2,1.4188888888888889,0.275531,True,171,2,0.002432102463019194,0.024627685546875,0,0.0021705756339064465,0.04302978515625,0,False,False,2062,2,9→0
139,run_000139,14,9,1,CCW,LOADED,-1,0062,1062,0,1,3,0,True,digit_scan,DIGIT_MOVE,44100,2,1.4188888888888889,0.274426,True,171,2,0.002130162144510469,0.026031494140625,0,0.0021503263800362895,0.050567626953125,0,False,False,2062,2,0→1
140,run_000140,14,10,1,CCW,LOADED,-1,1062,2062,1,2,3,0,True,digit_scan,DIGIT_MOVE,44100,2,1.4188888888888889,0.274442,True,171,2,0.0023663802281687287,0.044189453125,0,0.0022257499308964324,0.041748046875,0,False,False,2062,2,1→2
141,run_000141,15,1,1,CCW,LOADED,-1,9062,0062,9,0,3,0,True,digit_scan,DIGIT_MOVE,44100,2,1.4188888888888889,0.275238,True,171,2,0.00510711398031327,0.1572265625,0,0.008494818470743902,0.229736328125,0,False,False,9062,9,9→0
142,run_000142,15,2,1,CCW,LOADED,-1,0062,1062,0,1,3,0,True,digit_scan,DIGIT_MOVE,44100,2,1.4188888888888889,0.274386,True,171,2,0.0026486700054076345,0.066162109375,0,0.0023584045828500427,0.046875,0,False,False,9062,9,0→1
143,run_000143,15,3,1,CCW,LOADED,-1,1062,2062,1,2,3,0,True,digit_scan,DIGIT_MOVE,44100,2,1.4188888888888889,0.274848,True,171,2,0.0021572620880108326,0.033172607421875,0,0.0020007936032561575,0.032470703125,0,False,False,9062,9,1→2
144,run_000144,15,4,1,CCW,LOADED,-1,2062,3062,2,3,3,1,True,digit_scan,DIGIT_MOVE,44100,2,1.4188888888888889,0.274644,True,171,2,0.002032586418269583,0.038604736328125,0,0.0018639846031936172,0.037872314453125,0,False,False,9062,9,2→3
145,run_000145,15,5,1,CCW,LOADED,-1,3062,4062,3,4,3,0,True,digit_scan,DIGIT_MOVE,44100,2,1.4188888888888889,0.274043,True,171,2,0.0037181426591147036,0.158203125,0,0.0031132755984696146,0.051483154296875,0,False,False,9062,9,3→4
146,run_000146,15,6,1,CCW,LOADED,-1,4062,5062,4,5,3,0,True,digit_scan,DIGIT_MOVE,44100,2,1.4188888888888889,0.273503,True,171,2,0.0021777234321457197,0.030364990234375,0,0.002109964010401062,0.027252197265625,0,False,False,9062,9,4→5
147,run_000147,15,7,1,CCW,LOADED,-1,5062,6062,5,6,3,0,True,digit_scan,DIGIT_MOVE,44100,2,1.4188888888888889,0.275223,True,171,2,0.002329840983871394,0.02862548828125,0,0.0021718034691517968,0.027099609375,0,False,False,9062,9,5→6
148,run_000148,15,8,1,CCW,LOADED,-1,6062,7062,6,7,3,0,True,digit_scan,DIGIT_MOVE,44100,2,1.4188888888888889,0.274232,True,171,2,0.0024875702271977143,0.038238525390625,0,0.0021768150905721794,0.033355712890625,0,False,False,9062,9,6→7
149,run_000149,15,9,1,CCW,LOADED,-1,7062,8062,7,8,3,0,True,digit_scan,DIGIT_MOVE,44100,2,1.4188888888888889,0.27441,True,171,2,0.00238708905462756,0.03338623046875,0,0.001950068386703336,0.036285400390625,0,False,False,9062,9,7→8
150,run_000150,15,10,1,CCW,LOADED,-1,8062,9062,8,9,3,0,True,digit_scan,DIGIT_MOVE,44100,2,1.4188888888888889,0.274829,True,171,2,0.0024817372078743283,0.0391845703125,0,0.0023129866011363533,0.042327880859375,0,False,False,9062,9,8→9
151,run_000151,16,1,1,CCW,UNLOADED,-1,9062,0062,9,0,3,0,True,digit_scan,DIGIT_MOVE,44100,2,1.4188888888888889,0.275261,True,171,2,0.005405643732501685,0.159515380859375,0,0.008072283790569484,0.218780517578125,0,False,False,9062,9,9→0
152,run_000152,16,2,1,CCW,UNLOADED,-1,0062,1062,0,1,3,0,True,digit_scan,DIGIT_MOVE,44100,2,1.4188888888888889,0.275267,True,171,2,0.002401886745779571,0.0430908203125,0,0.0020089693221561965,0.0421142578125,0,False,False,9062,9,0→1
153,run_000153,16,3,1,CCW,UNLOADED,-1,1062,2062,1,2,3,0,True,digit_scan,DIGIT_MOVE,44100,2,1.4188888888888889,0.275248,True,171,2,0.0031391288510669735,0.12432861328125,0,0.0026435034988823414,0.039093017578125,0,False,False,9062,9,1→2
154,run_000154,16,4,1,CCW,UNLOADED,-1,2062,3062,2,3,3,1,True,digit_scan,DIGIT_MOVE,44100,2,1.4188888888888889,0.275438,True,171,2,0.0022366072507167575,0.031646728515625,0,0.0020332818821621403,0.033905029296875,0,False,False,9062,9,2→3
155,run_000155,16,5,1,CCW,UNLOADED,-1,3062,4062,3,4,3,0,True,digit_scan,DIGIT_MOVE,44100,2,1.4188888888888889,0.274057,True,171,2,0.0031312443225944495,0.119415283203125,0,0.0029750631107101216,0.0457763671875,0,False,False,9062,9,3→4
156,run_000156,16,6,1,CCW,UNLOADED,-1,4062,5062,4,5,3,0,True,digit_scan,DIGIT_MOVE,44100,2,1.4188888888888889,0.274021,True,171,2,0.002232309245852217,0.038482666015625,0,0.002192714626973001,0.02752685546875,0,False,False,9062,9,4→5
157,run_000157,16,7,1,CCW,UNLOADED,-1,5062,6062,5,6,3,0,True,digit_scan,DIGIT_MOVE,44100,2,1.4188888888888889,0.274347,True,171,2,0.002153281245130168,0.02777099609375,0,0.002331117694984519,0.03302001953125,0,False,False,9062,9,5→6
158,run_000158,16,8,1,CCW,UNLOADED,-1,6062,7062,6,7,3,0,True,digit_scan,DIGIT_MOVE,44100,2,1.4188888888888889,0.275094,True,171,2,0.00216121296522174,0.027099609375,0,0.0023964253598054465,0.03973388671875,0,False,False,9062,9,6→7
159,run_000159,16,9,1,CCW,UNLOADED,-1,7062,8062,7,8,3,0,True,digit_scan,DIGIT_MOVE,44100,2,1.4188888888888889,0.274134,True,171,2,0.0024155870997142133,0.04901123046875,0,0.002032645770576365,0.035369873046875,0,False,False,9062,9,7→8
160,run_000160,16,10,1,CCW,UNLOADED,-1,8062,9062,8,9,3,0,True,digit_scan,DIGIT_MOVE,44100,2,1.4188888888888889,0.274635,True,171,2,0.0037371158540126913,0.133087158203125,0,0.00353151746269768,0.07977294921875,0,False,False,9062,9,8→9
161,run_000161,17,1,1,CCW,UNLOADED,-1,6062,7062,6,7,3,0,True,digit_scan,DIGIT_MOVE,44100,2,1.4188888888888889,0.275486,True,171,2,0.005874674162260304,0.15740966796875,0,0.006940826560163883,0.184844970703125,0,False,False,6062,6,6→7
162,run_000162,17,2,1,CCW,UNLOADED,-1,7062,8062,7,8,3,0,True,digit_scan,DIGIT_MOVE,44100,2,1.4188888888888889,0.274837,True,171,2,0.003006352822802939,0.066253662109375,0,0.00315217518894326,0.05181884765625,0,False,False,6062,6,7→8
163,run_000163,17,3,1,CCW,UNLOADED,-1,8062,9062,8,9,3,0,True,digit_scan,DIGIT_MOVE,44100,2,1.4188888888888889,0.275259,True,171,2,0.003217652427026584,0.097015380859375,0,0.00306455793964373,0.0472412109375,0,False,False,6062,6,8→9
164,run_000164,17,4,1,CCW,UNLOADED,-1,9062,0062,9,0,3,0,True,digit_scan,DIGIT_MOVE,44100,2,1.4188888888888889,0.274651,True,171,2,0.0033740670946122856,0.099609375,0,0.003480368341318425,0.068634033203125,0,False,False,6062,6,9→0
165,run_000165,17,5,1,CCW,UNLOADED,-1,0062,1062,0,1,3,0,True,digit_scan,DIGIT_MOVE,44100,2,1.4188888888888889,0.274557,True,171,2,0.0028486037607657593,0.099639892578125,0,0.002671763868976549,0.0423583984375,0,False,False,6062,6,0→1
166,run_000166,17,6,1,CCW,UNLOADED,-1,1062,2062,1,2,3,0,True,digit_scan,DIGIT_MOVE,44100,2,1.4188888888888889,0.275093,True,171,2,0.002489419103084092,0.0460205078125,0,0.0021354384176185703,0.03375244140625,0,False,False,6062,6,1→2
167,run_000167,17,7,1,CCW,UNLOADED,-1,2062,3062,2,3,3,1,True,digit_scan,DIGIT_MOVE,44100,2,1.4188888888888889,0.274679,True,171,2,0.0021021629803486376,0.02734375,0,0.002253359027699065,0.03924560546875,0,False,False,6062,6,2→3
168,run_000168,17,8,1,CCW,UNLOADED,-1,3062,4062,3,4,3,0,True,digit_scan,DIGIT_MOVE,44100,2,1.3876190476190475,0.273669,True,171,2,0.0020636084619351904,0.025604248046875,0,0.0024538309264198585,0.04296875,0,False,False,6062,6,3→4
169,run_000169,17,9,1,CCW,UNLOADED,-1,4062,5062,4,5,3,0,True,digit_scan,DIGIT_MOVE,44100,2,1.4188888888888889,0.273948,True,171,2,0.002116917278096904,0.02008056640625,0,0.002290105396827006,0.036163330078125,0,False,False,6062,6,4→5
170,run_000170,17,10,1,CCW,UNLOADED,-1,5062,6062,5,6,3,0,True,digit_scan,DIGIT_MOVE,44100,2,1.3876190476190475,0.274142,True,171,2,0.0020307293720281004,0.03448486328125,0,0.002022657905343488,0.038055419921875,0,False,False,6062,6,5→6
171,run_000171,18,1,1,CCW,LOADED,-1,6062,7062,6,7,3,0,True,digit_scan,DIGIT_MOVE,44100,2,1.4188888888888889,0.2747,True,171,2,0.003614449256389969,0.074920654296875,0,0.005149833053887622,0.176025390625,0,False,False,6062,6,6→7
172,run_000172,18,2,1,CCW,LOADED,-1,7062,8062,7,8,3,0,True,digit_scan,DIGIT_MOVE,44100,2,1.4188888888888889,0.274969,True,171,2,0.0037319254400003544,0.158721923828125,0,0.003597049729653749,0.07843017578125,0,False,False,6062,6,7→8
173,run_000173,18,3,1,CCW,LOADED,-1,8062,9062,8,9,3,0,True,digit_scan,DIGIT_MOVE,44100,2,1.4188888888888889,0.274188,True,171,2,0.002339111926689642,0.06439208984375,0,0.0023196895463770428,0.044158935546875,0,False,False,6062,6,8→9
174,run_000174,18,4,1,CCW,LOADED,-1,9062,0062,9,0,3,0,True,digit_scan,DIGIT_MOVE,44100,2,1.4188888888888889,0.275439,True,171,2,0.0019251693013866466,0.0189208984375,0,0.0021853055148583255,0.0418701171875,0,False,False,6062,6,9→0
175,run_000175,18,5,1,CCW,LOADED,-1,0062,1062,0,1,3,0,True,digit_scan,DIGIT_MOVE,44100,2,1.4188888888888889,0.275563,True,171,2,0.001736140592857837,0.013580322265625,0,0.002230668884184488,0.054046630859375,0,False,False,6062,6,0→1
176,run_000176,18,6,1,CCW,LOADED,-1,1062,2062,1,2,3,0,True,digit_scan,DIGIT_MOVE,44100,2,1.4188888888888889,0.275662,True,171,2,0.0018869635597992753,0.0218505859375,0,0.0023579337483355237,0.03875732421875,0,False,False,6062,6,1→2
177,run_000177,18,7,1,CCW,LOADED,-1,2062,3062,2,3,3,1,True,digit_scan,DIGIT_MOVE,44100,2,1.4188888888888889,0.275585,True,171,2,0.0018443948692186054,0.024139404296875,0,0.0022181438544076476,0.035919189453125,0,False,False,6062,6,2→3
178,run_000178,18,8,1,CCW,LOADED,-1,3062,4062,3,4,3,0,True,digit_scan,DIGIT_MOVE,44100,2,1.4188888888888889,0.274837,True,171,2,0.004059737393339456,0.129180908203125,0,0.0025433428946984257,0.0352783203125,0,False,False,6062,6,3→4
179,run_000179,18,9,1,CCW,LOADED,-1,4062,5062,4,5,3,0,True,digit_scan,DIGIT_MOVE,44100,2,1.4188888888888889,0.274098,True,171,2,0.001527112045206117,0.014312744140625,0,0.0019275260265269594,0.03448486328125,0,False,False,6062,6,4→5
180,run_000180,18,10,1,CCW,LOADED,-1,5062,6062,5,6,3,0,True,digit_scan,DIGIT_MOVE,44100,2,1.4188888888888889,0.275128,True,171,2,0.0017297245335386032,0.019287109375,0,0.0021352029372602123,0.038299560546875,0,False,False,6062,6,5→6
181,run_000181,19,1,1,CCW,LOADED,-1,3062,4062,3,4,3,0,True,digit_scan,DIGIT_MOVE,44100,2,1.4188888888888889,0.275208,True,171,2,0.001977033719980917,0.022003173828125,0,0.0018189247896413542,0.026885986328125,0,False,False,3062,3,3→4
182,run_000182,19,2,1,CCW,LOADED,-1,4062,5062,4,5,3,0,True,digit_scan,DIGIT_MOVE,44100,2,1.4188888888888889,0.274222,True,171,2,0.0021981642598539273,0.019012451171875,0,0.00275466386120229,0.0538330078125,0,False,False,3062,3,4→5
183,run_000183,19,3,1,CCW,LOADED,-1,5062,6062,5,6,3,0,True,digit_scan,DIGIT_MOVE,44100,2,1.4188888888888889,0.275062,True,171,2,0.002490176883299031,0.058380126953125,0,0.002210070525683015,0.03802490234375,0,False,False,3062,3,5→6
184,run_000184,19,4,1,CCW,LOADED,-1,6062,7062,6,7,3,0,True,digit_scan,DIGIT_MOVE,44100,2,1.4188888888888889,0.27467,True,171,2,0.004040215550879704,0.1856689453125,0,0.002439674619395273,0.040679931640625,0,False,False,3062,3,6→7
185,run_000185,19,5,1,CCW,LOADED,-1,7062,8062,7,8,3,0,True,digit_scan,DIGIT_MOVE,44100,2,1.4188888888888889,0.274953,True,171,2,0.001854627105312295,0.025177001953125,0,0.0021104293143143914,0.0399169921875,0,False,False,3062,3,7→8
186,run_000186,19,6,1,CCW,LOADED,-1,8062,9062,8,9,3,0,True,digit_scan,DIGIT_MOVE,44100,2,1.4188888888888889,0.27445,True,171,2,0.0022388588036270384,0.054901123046875,0,0.002453880884204434,0.05474853515625,0,False,False,3062,3,8→9
187,run_000187,19,7,1,CCW,LOADED,-1,9062,0062,9,0,3,0,True,digit_scan,DIGIT_MOVE,44100,2,1.4188888888888889,0.274693,True,171,2,0.0019586170763042222,0.017791748046875,0,0.0022337139191771246,0.056365966796875,0,False,False,3062,3,9→0
188,run_000188,19,8,1,CCW,LOADED,-1,0062,1062,0,1,3,0,True,digit_scan,DIGIT_MOVE,44100,2,1.4188888888888889,0.27529,True,171,2,0.0017677163282946062,0.018310546875,0,0.002006309392185389,0.035308837890625,0,False,False,3062,3,0→1
189,run_000189,19,9,1,CCW,LOADED,-1,1062,2062,1,2,3,0,True,digit_scan,DIGIT_MOVE,44100,2,1.4188888888888889,0.274333,True,171,2,0.0015622836624470606,0.016510009765625,0,0.0022516045151960867,0.040802001953125,0,False,False,3062,3,1→2
190,run_000190,19,10,1,CCW,LOADED,-1,2062,3062,2,3,3,1,True,digit_scan,DIGIT_MOVE,44100,2,1.4188888888888889,0.275232,True,171,2,0.001712618612928353,0.0164794921875,0,0.0021001154561474016,0.030609130859375,0,False,False,3062,3,2→3
191,run_000191,20,1,1,CCW,UNLOADED,-1,3062,4062,3,4,3,0,True,digit_scan,DIGIT_MOVE,44100,2,1.4188888888888889,0.274674,True,171,2,0.003498445957449358,0.079498291015625,0,0.003833039654809771,0.12847900390625,0,False,False,3062,3,3→4
192,run_000192,20,2,1,CCW,UNLOADED,-1,4062,5062,4,5,3,0,True,digit_scan,DIGIT_MOVE,44100,2,1.4188888888888889,0.274134,True,171,2,0.0025463976371398055,0.035552978515625,0,0.0025417977730892182,0.0419921875,0,False,False,3062,3,4→5
193,run_000193,20,3,1,CCW,UNLOADED,-1,5062,6062,5,6,3,0,True,digit_scan,DIGIT_MOVE,44100,2,1.4188888888888889,0.274491,True,171,2,0.0035341094768094688,0.1024169921875,0,0.0026699934744589438,0.04400634765625,0,False,False,3062,3,5→6
194,run_000194,20,4,1,CCW,UNLOADED,-1,6062,7062,6,7,3,0,True,digit_scan,DIGIT_MOVE,44100,2,1.4188888888888889,0.275542,True,171,2,0.0025134117801242873,0.02947998046875,0,0.0023349678335793053,0.038665771484375,0,False,False,3062,3,6→7
195,run_000195,20,5,1,CCW,UNLOADED,-1,7062,8062,7,8,3,0,True,digit_scan,DIGIT_MOVE,44100,2,1.4188888888888889,0.275463,True,171,2,0.0023995056507862753,0.040802001953125,0,0.0020381645490494395,0.03631591796875,0,False,False,3062,3,7→8
196,run_000196,20,6,1,CCW,UNLOADED,-1,8062,9062,8,9,3,0,True,digit_scan,DIGIT_MOVE,44100,2,1.4188888888888889,0.274758,True,171,2,0.0021443500049254326,0.025665283203125,0,0.0022154143092605826,0.037261962890625,0,False,False,3062,3,8→9
197,run_000197,20,7,1,CCW,UNLOADED,-1,9062,0062,9,0,3,0,True,digit_scan,DIGIT_MOVE,44100,2,1.4188888888888889,0.275245,True,171,2,0.0025300326461404196,0.0252685546875,0,0.002315725132621684,0.035491943359375,0,False,False,3062,3,9→0
198,run_000198,20,8,1,CCW,UNLOADED,-1,0062,1062,0,1,3,0,True,digit_scan,DIGIT_MOVE,44100,2,1.4188888888888889,0.273796,True,171,2,0.0022950655089656767,0.025726318359375,0,0.002200748370342695,0.036468505859375,0,False,False,3062,3,0→1
199,run_000199,20,9,1,CCW,UNLOADED,-1,1062,2062,1,2,3,0,True,digit_scan,DIGIT_MOVE,44100,2,1.4188888888888889,0.275165,True,171,2,0.0020125620376670785,0.0386962890625,0,0.0022581970379956743,0.03350830078125,0,False,False,3062,3,1→2
200,run_000200,20,10,1,CCW,UNLOADED,-1,2062,3062,2,3,3,1,True,digit_scan,DIGIT_MOVE,44100,2,1.4188888888888889,0.27448,True,171,2,0.0063816083357842645,0.302947998046875,0,0.005350785017627015,0.1422119140625,0,False,False,3062,3,2→3
201,run_000201,21,1,2,CCW,UNLOADED,-1,3462,3562,4,5,5,1,True,digit_scan,DIGIT_MOVE,44100,2,1.4188888888888889,0.274912,True,171,2,0.005830377987476186,0.159332275390625,0,0.006618329506673081,0.185211181640625,0,False,False,3462,4,4→5
202,run_000202,21,2,2,CCW,UNLOADED,-1,3562,3662,5,6,5,0,True,digit_scan,DIGIT_MOVE,44100,2,1.4188888888888889,0.274879,True,171,2,0.0070279111137779935,0.327484130859375,0,0.004365170871724248,0.096221923828125,0,False,False,3462,4,5→6
203,run_000203,21,3,2,CCW,UNLOADED,-1,3662,3762,6,7,5,0,True,digit_scan,DIGIT_MOVE,44100,2,1.4188888888888889,0.275485,True,171,2,0.007377486214363106,0.371734619140625,0,0.005026973933243843,0.111053466796875,0,False,False,3462,4,6→7
204,run_000204,21,4,2,CCW,UNLOADED,-1,3762,3862,7,8,5,0,True,digit_scan,DIGIT_MOVE,44100,2,1.4188888888888889,0.275102,True,171,2,0.007931081703249444,0.370147705078125,0,0.006854706152928679,0.19586181640625,0,False,False,3462,4,7→8
205,run_000205,21,5,2,CCW,UNLOADED,-1,3862,3962,8,9,5,0,True,digit_scan,DIGIT_MOVE,44100,2,1.4188888888888889,0.274757,True,171,2,0.0037109233461491285,0.096954345703125,0,0.003039383464437382,0.04119873046875,0,False,False,3462,4,8→9
206,run_000206,21,6,2,CCW,UNLOADED,-1,3962,3062,9,0,5,0,True,digit_scan,DIGIT_MOVE,44100,2,1.4188888888888889,0.274556,True,171,2,0.002423190447912432,0.026092529296875,0,0.0022266269463961934,0.029571533203125,0,False,False,3462,4,9→0
207,run_000207,21,7,2,CCW,UNLOADED,-1,3062,3162,0,1,5,0,True,digit_scan,DIGIT_MOVE,44100,2,1.4188888888888889,0.274143,True,171,2,0.005486300658405201,0.2330322265625,0,0.004962119021851843,0.13812255859375,0,False,False,3462,4,0→1
208,run_000208,21,8,2,CCW,UNLOADED,-1,3162,3262,1,2,5,0,True,digit_scan,DIGIT_MOVE,44100,2,1.4188888888888889,0.274678,True,171,2,0.005153557370275252,0.246307373046875,0,0.0026067728948245003,0.041107177734375,0,False,False,3462,4,1→2
209,run_000209,21,9,2,CCW,UNLOADED,-1,3262,3362,2,3,5,0,True,digit_scan,DIGIT_MOVE,44100,2,1.4188888888888889,0.274734,True,171,2,0.005319503640894142,0.24468994140625,0,0.00376627744281751,0.072723388671875,0,False,False,3462,4,2→3
210,run_000210,21,10,2,CCW,UNLOADED,-1,3362,3462,3,4,5,0,True,digit_scan,DIGIT_MOVE,44100,2,1.4188888888888889,0.273506,True,171,2,0.00693304517797953,0.29571533203125,0,0.005762746576243715,0.206024169921875,0,False,False,3462,4,3→4
211,run_000211,22,1,2,CCW,LOADED,-1,3462,3562,4,5,5,1,True,digit_scan,DIGIT_MOVE,44100,2,1.4188888888888889,0.274477,True,171,2,0.004261802542887952,0.129608154296875,0,0.0031679208693449145,0.103668212890625,0,False,False,3462,4,4→5
212,run_000212,22,2,2,CCW,LOADED,-1,3562,3662,5,6,5,0,True,digit_scan,DIGIT_MOVE,44100,2,1.4188888888888889,0.274199,True,171,2,0.00975563228311012,0.2940673828125,0,0.0029845408780439604,0.04437255859375,0,False,False,3462,4,5→6
213,run_000213,22,3,2,CCW,LOADED,-1,3662,3762,6,7,5,0,True,digit_scan,DIGIT_MOVE,44100,2,1.4188888888888889,0.273616,True,171,2,0.007175169928741195,0.2047119140625,0,0.004439418166302642,0.113494873046875,0,False,False,3462,4,6→7
214,run_000214,22,4,2,CCW,LOADED,-1,3762,3862,7,8,5,0,True,digit_scan,DIGIT_MOVE,44100,2,1.4188888888888889,0.274986,True,171,2,0.008088467294554917,0.367950439453125,0,0.0051469689666854635,0.125518798828125,0,False,False,3462,4,7→8
215,run_000215,22,5,2,CCW,LOADED,-1,3862,3962,8,9,5,0,True,digit_scan,DIGIT_MOVE,44100,2,1.4188888888888889,0.274095,True,171,2,0.005491451837154183,0.21527099609375,0,0.0029513704589821345,0.03521728515625,0,False,False,3462,4,8→9
216,run_000216,22,6,2,CCW,LOADED,-1,3962,3062,9,0,5,0,True,digit_scan,DIGIT_MOVE,44100,2,1.4188888888888889,0.274644,True,171,2,0.005411102065267233,0.233612060546875,0,0.002333597662211615,0.036407470703125,0,False,False,3462,4,9→0
217,run_000217,22,7,2,CCW,LOADED,-1,3062,3162,0,1,5,0,True,digit_scan,DIGIT_MOVE,44100,2,1.4188888888888889,0.275054,True,171,2,0.005481952378067431,0.216094970703125,0,0.004018394003101316,0.09149169921875,0,False,False,3462,4,0→1
218,run_000218,22,8,2,CCW,LOADED,-1,3162,3262,1,2,5,0,True,digit_scan,DIGIT_MOVE,44100,2,1.4188888888888889,0.274467,True,171,2,0.006250407649879328,0.255401611328125,0,0.002591945674628057,0.036865234375,0,False,False,3462,4,1→2
219,run_000219,22,9,2,CCW,LOADED,-1,3262,3362,2,3,5,0,True,digit_scan,DIGIT_MOVE,44100,2,1.4188888888888889,0.275639,True,171,2,0.005748980492554527,0.183013916015625,0,0.0034349527284294507,0.07135009765625,0,False,False,3462,4,2→3
220,run_000220,22,10,2,CCW,LOADED,-1,3362,3462,3,4,5,0,True,digit_scan,DIGIT_MOVE,44100,2,1.4188888888888889,0.275434,True,171,2,0.01105833861500946,0.369140625,0,0.005374594516999384,0.161041259765625,0,False,False,3462,4,3→4
221,run_000221,23,1,2,CCW,LOADED,-1,3762,3862,7,8,5,0,True,digit_scan,DIGIT_MOVE,44100,2,1.4188888888888889,0.27482,True,171,2,0.0032090220253834486,0.110931396484375,0,0.004989061215386497,0.144073486328125,0,False,False,3762,7,7→8
222,run_000222,23,2,2,CCW,LOADED,-1,3862,3962,8,9,5,0,True,digit_scan,DIGIT_MOVE,44100,2,1.4188888888888889,0.275354,True,171,2,0.004930099712247459,0.1959228515625,0,0.002859384927314632,0.031280517578125,0,False,False,3762,7,8→9
223,run_000223,23,3,2,CCW,LOADED,-1,3962,3062,9,0,5,0,True,digit_scan,DIGIT_MOVE,44100,2,1.4188888888888889,0.274531,True,171,2,0.0066716051495375895,0.253143310546875,0,0.0026834371758233722,0.03411865234375,0,False,False,3762,7,9→0
224,run_000224,23,4,2,CCW,LOADED,-1,3062,3162,0,1,5,0,True,digit_scan,DIGIT_MOVE,44100,2,1.4188888888888889,0.274745,True,171,2,0.006119614112817075,0.2381591796875,0,0.003532458314891087,0.08416748046875,0,False,False,3762,7,0→1
225,run_000225,23,5,2,CCW,LOADED,-1,3162,3262,1,2,5,0,True,digit_scan,DIGIT_MOVE,44100,2,1.4188888888888889,0.275061,True,171,2,0.0043914740485058315,0.116668701171875,0,0.002914156013132481,0.035980224609375,0,False,False,3762,7,1→2
226,run_000226,23,6,2,CCW,LOADED,-1,3262,3362,2,3,5,0,True,digit_scan,DIGIT_MOVE,44100,2,1.4188888888888889,0.274708,True,171,2,0.006854014417222775,0.2381591796875,0,0.0042048106605678415,0.118988037109375,0,False,False,3762,7,2→3
227,run_000227,23,7,2,CCW,LOADED,-1,3362,3462,3,4,5,0,True,digit_scan,DIGIT_MOVE,44100,2,1.4188888888888889,0.27554,True,171,2,0.008706303472319144,0.34210205078125,0,0.00463032654193058,0.146392822265625,0,False,False,3762,7,3→4
228,run_000228,23,8,2,CCW,LOADED,-1,3462,3562,4,5,5,1,True,digit_scan,DIGIT_MOVE,44100,2,1.4188888888888889,0.27433,True,171,2,0.009636594563107047,0.410186767578125,0,0.003197824515469799,0.065093994140625,0,False,False,3762,7,4→5
229,run_000229,23,9,2,CCW,LOADED,-1,3562,3662,5,6,5,0,True,digit_scan,DIGIT_MOVE,44100,2,1.4188888888888889,0.274937,True,171,2,0.010255175650617574,0.29962158203125,0,0.003944191059947303,0.075439453125,0,False,False,3762,7,5→6
230,run_000230,23,10,2,CCW,LOADED,-1,3662,3762,6,7,5,0,True,digit_scan,DIGIT_MOVE,44100,2,1.4188888888888889,0.275456,True,171,2,0.004089838786044653,0.128021240234375,0,0.0036543634434104254,0.053253173828125,0,False,False,3762,7,6→7
231,run_000231,24,1,2,CCW,UNLOADED,-1,3762,3862,7,8,5,0,True,digit_scan,DIGIT_MOVE,44100,2,1.4188888888888889,0.273904,True,171,2,0.010756725881524027,0.555389404296875,0,0.009315049493929403,0.276580810546875,0,False,False,3762,7,7→8
232,run_000232,24,2,2,CCW,UNLOADED,-1,3862,3962,8,9,5,0,True,digit_scan,DIGIT_MOVE,44100,2,1.4188888888888889,0.275059,True,171,2,0.004617370641249011,0.162445068359375,0,0.004944653908746475,0.126556396484375,0,False,False,3762,7,8→9
233,run_000233,24,3,2,CCW,UNLOADED,-1,3962,3062,9,0,5,0,True,digit_scan,DIGIT_MOVE,44100,2,1.4188888888888889,0.274329,True,171,2,0.0037093921193343113,0.147369384765625,0,0.003582757886048712,0.105316162109375,0,False,False,3762,7,9→0
234,run_000234,24,4,2,CCW,UNLOADED,-1,3062,3162,0,1,5,0,True,digit_scan,DIGIT_MOVE,44100,2,1.4188888888888889,0.275278,True,171,2,0.009462165168439826,0.4197998046875,0,0.004506817195974932,0.143280029296875,0,False,False,3762,7,0→1
235,run_000235,24,5,2,CCW,UNLOADED,-1,3162,3262,1,2,5,0,True,digit_scan,DIGIT_MOVE,44100,2,1.4188888888888889,0.274701,True,171,2,0.007435684483593738,0.3037109375,0,0.002809770292496661,0.050994873046875,0,False,False,3762,7,1→2
236,run_000236,24,6,2,CCW,UNLOADED,-1,3262,3362,2,3,5,0,True,digit_scan,DIGIT_MOVE,44100,2,1.4188888888888889,0.275076,True,171,2,0.005890741036649204,0.200836181640625,0,0.0037023073429982545,0.0699462890625,0,False,False,3762,7,2→3
237,run_000237,24,7,2,CCW,UNLOADED,-1,3362,3462,3,4,5,0,True,digit_scan,DIGIT_MOVE,44100,2,1.4188888888888889,0.275513,True,171,2,0.0077837993801596695,0.216217041015625,0,0.00527155078923797,0.14605712890625,0,False,False,3762,7,3→4
238,run_000238,24,8,2,CCW,UNLOADED,-1,3462,3562,4,5,5,1,True,digit_scan,DIGIT_MOVE,44100,2,1.4188888888888889,0.274659,True,171,2,0.007588421569457932,0.208709716796875,0,0.004776341872859095,0.109619140625,0,False,False,3762,7,4→5
239,run_000239,24,9,2,CCW,UNLOADED,-1,3562,3662,5,6,5,0,True,digit_scan,DIGIT_MOVE,44100,2,1.4188888888888889,0.274907,True,171,2,0.008483123685072234,0.397125244140625,0,0.00719141062057229,0.1776123046875,0,False,False,3762,7,5→6
240,run_000240,24,10,2,CCW,UNLOADED,-1,3662,3762,6,7,5,0,True,digit_scan,DIGIT_MOVE,44100,2,1.4188888888888889,0.274414,True,171,2,0.005577905483143906,0.29058837890625,0,0.006034519825942894,0.125732421875,0,False,False,3762,7,6→7
241,run_000241,25,1,2,CCW,UNLOADED,-1,3062,3162,0,1,5,0,True,digit_scan,DIGIT_MOVE,44100,2,1.4188888888888889,0.273996,True,171,2,0.005273445176484724,0.242767333984375,0,0.004169247376871459,0.106597900390625,0,False,False,3062,0,0→1
242,run_000242,25,2,2,CCW,UNLOADED,-1,3162,3262,1,2,5,0,True,digit_scan,DIGIT_MOVE,44100,2,1.4188888888888889,0.274472,True,171,2,0.005353717847395423,0.181060791015625,0,0.0027549727158931196,0.04144287109375,0,False,False,3062,0,1→2
243,run_000243,25,3,2,CCW,UNLOADED,-1,3262,3362,2,3,5,0,True,digit_scan,DIGIT_MOVE,44100,2,1.4188888888888889,0.274708,True,171,2,0.007041950323333423,0.267822265625,0,0.0029096505513654704,0.04852294921875,0,False,False,3062,0,2→3
244,run_000244,25,4,2,CCW,UNLOADED,-1,3362,3462,3,4,5,0,True,digit_scan,DIGIT_MOVE,44100,2,1.4188888888888889,0.274791,True,171,2,0.008666366267768996,0.27069091796875,0,0.004952452528476915,0.124969482421875,0,False,False,3062,0,3→4
245,run_000245,25,5,2,CCW,UNLOADED,-1,3462,3562,4,5,5,1,True,digit_scan,DIGIT_MOVE,44100,2,1.4188888888888889,0.275036,True,171,2,0.007866311134875037,0.28436279296875,0,0.0060817259106597825,0.15643310546875,0,False,False,3062,0,4→5
246,run_000246,25,6,2,CCW,UNLOADED,-1,3562,3662,5,6,5,0,True,digit_scan,DIGIT_MOVE,44100,2,1.4188888888888889,0.27407,True,171,2,0.0051479188742805685,0.204193115234375,0,0.00493058274794656,0.095367431640625,0,False,False,3062,0,5→6
247,run_000247,25,7,2,CCW,UNLOADED,-1,3662,3762,6,7,5,0,True,digit_scan,DIGIT_MOVE,44100,2,1.4188888888888889,0.275694,True,171,2,0.006097659757218891,0.29144287109375,0,0.0057502498362391645,0.156463623046875,0,False,False,3062,0,6→7
248,run_000248,25,8,2,CCW,UNLOADED,-1,3762,3862,7,8,5,0,True,digit_scan,DIGIT_MOVE,44100,2,1.4188888888888889,0.274825,True,171,2,0.005573946527450527,0.181732177734375,0,0.006762172017011357,0.20404052734375,0,False,False,3062,0,7→8
249,run_000249,25,9,2,CCW,UNLOADED,-1,3862,3962,8,9,5,0,True,digit_scan,DIGIT_MOVE,44100,2,1.4188888888888889,0.27516,True,171,2,0.003500872381204316,0.088043212890625,0,0.0027027184852798977,0.0341796875,0,False,False,3062,0,8→9
250,run_000250,25,10,2,CCW,UNLOADED,-1,3962,3062,9,0,5,0,True,digit_scan,DIGIT_MOVE,44100,2,1.4188888888888889,0.274373,True,171,2,0.0058239877616407636,0.265045166015625,0,0.004097787180543207,0.116607666015625,0,False,False,3062,0,9→0
251,run_000251,26,1,2,CCW,LOADED,-1,3062,3162,0,1,5,0,True,digit_scan,DIGIT_MOVE,44100,2,1.4188888888888889,0.274167,True,171,2,0.007097054028778236,0.2196044921875,0,0.00923226524090431,0.25372314453125,0,False,False,3062,0,0→1
252,run_000252,26,2,2,CCW,LOADED,-1,3162,3262,1,2,5,0,True,digit_scan,DIGIT_MOVE,44100,2,1.4188888888888889,0.273754,True,171,2,0.002048659095249146,0.04522705078125,0,0.0021411058221245905,0.0384521484375,0,False,False,3062,0,1→2
253,run_000253,26,3,2,CCW,LOADED,-1,3262,3362,2,3,5,0,True,digit_scan,DIGIT_MOVE,44100,2,1.4188888888888889,0.274426,True,171,2,0.0040986059469441585,0.140899658203125,0,0.003216387603018356,0.061920166015625,0,False,False,3062,0,2→3
254,run_000254,26,4,2,CCW,LOADED,-1,3362,3462,3,4,5,0,True,digit_scan,DIGIT_MOVE,44100,2,1.4188888888888889,0.274905,True,171,2,0.006871762925994621,0.264495849609375,0,0.0041050094315921645,0.10882568359375,0,False,False,3062,0,3→4
255,run_000255,26,5,2,CCW,LOADED,-1,3462,3562,4,5,5,1,True,digit_scan,DIGIT_MOVE,44100,2,1.4188888888888889,0.274759,True,171,2,0.005473912473126231,0.181427001953125,0,0.004129705033070239,0.077056884765625,0,False,False,3062,0,4→5
256,run_000256,26,6,2,CCW,LOADED,-1,3562,3662,5,6,5,0,True,digit_scan,DIGIT_MOVE,44100,2,1.4188888888888889,0.274127,True,171,2,0.005820384600621214,0.23809814453125,0,0.0036403506148849495,0.05657958984375,0,False,False,3062,0,5→6
257,run_000257,26,7,2,CCW,LOADED,-1,3662,3762,6,7,5,0,True,digit_scan,DIGIT_MOVE,44100,2,1.4188888888888889,0.274267,True,171,2,0.002988455276522265,0.086700439453125,0,0.004389082104138674,0.088592529296875,0,False,False,3062,0,6→7
258,run_000258,26,8,2,CCW,LOADED,-1,3762,3862,7,8,5,0,True,digit_scan,DIGIT_MOVE,44100,2,1.4188888888888889,0.274788,True,171,2,0.0046946354828209524,0.23980712890625,0,0.004130798651899513,0.09716796875,0,False,False,3062,0,7→8
259,run_000259,26,9,2,CCW,LOADED,-1,3862,3962,8,9,5,0,True,digit_scan,DIGIT_MOVE,44100,2,1.4188888888888889,0.273447,True,171,2,0.003177580306266573,0.12530517578125,0,0.0024743968002448663,0.0428466796875,0,False,False,3062,0,8→9
260,run_000260,26,10,2,CCW,LOADED,-1,3962,3062,9,0,5,0,True,digit_scan,DIGIT_MOVE,44100,2,1.4188888888888889,0.274519,True,171,2,0.0017993654639553408,0.0281982421875,0,0.0021273474302286126,0.037841796875,0,False,False,3062,0,9→0
261,run_000261,27,1,2,CCW,LOADED,-1,3562,3662,5,6,5,0,True,digit_scan,DIGIT_MOVE,44100,2,1.4188888888888889,0.274742,True,171,2,0.006883199812406483,0.29364013671875,0,0.0043275275212814575,0.12725830078125,0,False,False,3562,5,5→6
262,run_000262,27,2,2,CCW,LOADED,-1,3662,3762,6,7,5,0,True,digit_scan,DIGIT_MOVE,44100,2,1.4188888888888889,0.274023,True,171,2,0.00411487184891124,0.130157470703125,0,0.008298758703848585,0.1551513671875,0,False,False,3562,5,6→7
263,run_000263,27,3,2,CCW,LOADED,-1,3762,3862,7,8,5,0,True,digit_scan,DIGIT_MOVE,44100,2,1.4188888888888889,0.274608,True,171,2,0.006691153540863571,0.3389892578125,0,0.004439687849611022,0.0885009765625,0,False,False,3562,5,7→8
264,run_000264,27,4,2,CCW,LOADED,-1,3862,3962,8,9,5,0,True,digit_scan,DIGIT_MOVE,44100,2,1.4188888888888889,0.274309,True,171,2,0.002947147945774343,0.14373779296875,0,0.0026025317064306617,0.044921875,0,False,False,3562,5,8→9
265,run_000265,27,5,2,CCW,LOADED,-1,3962,3062,9,0,5,0,True,digit_scan,DIGIT_MOVE,44100,2,1.4188888888888889,0.274304,True,171,2,0.002214285192355851,0.075592041015625,0,0.0023057162574715503,0.046356201171875,0,False,False,3562,5,9→0
266,run_000266,27,6,2,CCW,LOADED,-1,3062,3162,0,1,5,0,True,digit_scan,DIGIT_MOVE,44100,2,1.4188888888888889,0.274436,True,171,2,0.006132677439485869,0.263885498046875,0,0.004420885179083073,0.105804443359375,0,False,False,3562,5,0→1
267,run_000267,27,7,2,CCW,LOADED,-1,3162,3262,1,2,5,0,True,digit_scan,DIGIT_MOVE,44100,2,1.4188888888888889,0.275107,True,171,2,0.0043712285560480926,0.14678955078125,0,0.0028468447257151658,0.040740966796875,0,False,False,3562,5,1→2
268,run_000268,27,8,2,CCW,LOADED,-1,3262,3362,2,3,5,0,True,digit_scan,DIGIT_MOVE,44100,2,1.4188888888888889,0.27402,True,171,2,0.006442515016818685,0.259124755859375,0,0.004656420289970915,0.1025390625,0,False,False,3562,5,2→3
269,run_000269,27,9,2,CCW,LOADED,-1,3362,3462,3,4,5,0,True,digit_scan,DIGIT_MOVE,44100,2,1.4188888888888889,0.274504,True,171,2,0.00913694908573729,0.36395263671875,0,0.004770092199347172,0.118499755859375,0,False,False,3562,5,3→4
270,run_000270,27,10,2,CCW,LOADED,-1,3462,3562,4,5,5,1,True,digit_scan,DIGIT_MOVE,44100,2,1.4188888888888889,0.274431,True,171,2,0.0031367368944146875,0.10528564453125,0,0.0036279966504662088,0.05303955078125,0,False,False,3562,5,4→5
271,run_000271,28,1,2,CCW,UNLOADED,-1,3562,3662,5,6,5,0,True,digit_scan,DIGIT_MOVE,44100,2,1.4188888888888889,0.275513,True,171,2,0.00908550016025799,0.305450439453125,0,0.009694175175426404,0.30865478515625,0,False,False,3562,5,5→6
272,run_000272,28,2,2,CCW,UNLOADED,-1,3662,3762,6,7,5,0,True,digit_scan,DIGIT_MOVE,44100,2,1.4188888888888889,0.274798,True,171,2,0.005531740110125417,0.2392578125,0,0.005106033619968428,0.117156982421875,0,False,False,3562,5,6→7
273,run_000273,28,3,2,CCW,UNLOADED,-1,3762,3862,7,8,5,0,True,digit_scan,DIGIT_MOVE,44100,2,1.4188888888888889,0.274579,True,171,2,0.007288889425955386,0.401580810546875,0,0.009171248203675634,0.298095703125,0,False,False,3562,5,7→8
274,run_000274,28,4,2,CCW,UNLOADED,-1,3862,3962,8,9,5,0,True,digit_scan,DIGIT_MOVE,44100,2,1.4188888888888889,0.274268,True,171,2,0.003331600890673033,0.0872802734375,0,0.0028303418572764917,0.048370361328125,0,False,False,3562,5,8→9
275,run_000275,28,5,2,CCW,UNLOADED,-1,3962,3062,9,0,5,0,True,digit_scan,DIGIT_MOVE,44100,2,1.4188888888888889,0.274746,True,171,2,0.007569767120964014,0.34930419921875,0,0.0033083131830996954,0.071380615234375,0,False,False,3562,5,9→0
276,run_000276,28,6,2,CCW,UNLOADED,-1,3062,3162,0,1,5,0,True,digit_scan,DIGIT_MOVE,44100,2,1.4188888888888889,0.274592,True,171,2,0.007839128571340424,0.341796875,0,0.005217089481012648,0.13250732421875,0,False,False,3562,5,0→1
277,run_000277,28,7,2,CCW,UNLOADED,-1,3162,3262,1,2,5,0,True,digit_scan,DIGIT_MOVE,44100,2,1.4188888888888889,0.273612,True,171,2,0.004204103019890775,0.147705078125,0,0.0024958681988861125,0.043914794921875,0,False,False,3562,5,1→2
278,run_000278,28,8,2,CCW,UNLOADED,-1,3262,3362,2,3,5,0,True,digit_scan,DIGIT_MOVE,44100,2,1.4188888888888889,0.273978,True,171,2,0.004992179526308006,0.193603515625,0,0.005078826457457226,0.130126953125,0,False,False,3562,5,2→3
279,run_000279,28,9,2,CCW,UNLOADED,-1,3362,3462,3,4,5,0,True,digit_scan,DIGIT_MOVE,44100,2,1.4188888888888889,0.275032,True,171,2,0.006532383331709128,0.2552490234375,0,0.0047159499523713394,0.089324951171875,0,False,False,3562,5,3→4
280,run_000280,28,10,2,CCW,UNLOADED,-1,3462,3562,4,5,5,1,True,digit_scan,DIGIT_MOVE,44100,2,1.4188888888888889,0.274398,True,171,2,0.0070467498609213634,0.2388916015625,0,0.0059174165596719164,0.155853271484375,0,False,False,3562,5,4→5
281,run_000281,29,1,2,CCW,UNLOADED,-1,3862,3962,8,9,5,0,True,digit_scan,DIGIT_MOVE,44100,2,1.4188888888888889,0.273879,True,171,2,0.003234843190690312,0.07574462890625,0,0.004619908513582089,0.112823486328125,0,False,False,3862,8,8→9
282,run_000282,29,2,2,CCW,UNLOADED,-1,3962,3062,9,0,5,0,True,digit_scan,DIGIT_MOVE,44100,2,1.4188888888888889,0.274117,True,171,2,0.004901986215422569,0.1600341796875,0,0.004015137472885872,0.07562255859375,0,False,False,3862,8,9→0
283,run_000283,29,3,2,CCW,UNLOADED,-1,3062,3162,0,1,5,0,True,digit_scan,DIGIT_MOVE,44100,2,1.4188888888888889,0.274041,True,171,2,0.00460109146974752,0.214324951171875,0,0.0036000299449910444,0.091888427734375,0,False,False,3862,8,0→1
284,run_000284,29,4,2,CCW,UNLOADED,-1,3162,3262,1,2,5,0,True,digit_scan,DIGIT_MOVE,44100,2,1.4188888888888889,0.27512,True,171,2,0.005045884332710936,0.306640625,0,0.003377782452045991,0.0457763671875,0,False,False,3862,8,1→2
285,run_000285,29,5,2,CCW,UNLOADED,-1,3262,3362,2,3,5,0,True,digit_scan,DIGIT_MOVE,44100,2,1.4188888888888889,0.274787,True,171,2,0.006201693375041401,0.249725341796875,0,0.005187597116060149,0.12884521484375,0,False,False,3862,8,2→3
286,run_000286,29,6,2,CCW,UNLOADED,-1,3362,3462,3,4,5,0,True,digit_scan,DIGIT_MOVE,44100,2,1.4188888888888889,0.275092,True,171,2,0.006155223251600317,0.215179443359375,0,0.004481639725591091,0.07769775390625,0,False,False,3862,8,3→4
287,run_000287,29,7,2,CCW,UNLOADED,-1,3462,3562,4,5,5,1,True,digit_scan,DIGIT_MOVE,44100,2,1.4188888888888889,0.274622,True,171,2,0.00799729051534391,0.27496337890625,0,0.005923864038693346,0.141326904296875,0,False,False,3862,8,4→5
288,run_000288,29,8,2,CCW,UNLOADED,-1,3562,3662,5,6,5,0,True,digit_scan,DIGIT_MOVE,44100,2,1.4188888888888889,0.274814,True,171,2,0.0062483237369992065,0.211761474609375,0,0.005880872182897564,0.156585693359375,0,False,False,3862,8,5→6
289,run_000289,29,9,2,CCW,UNLOADED,-1,3662,3762,6,7,5,0,True,digit_scan,DIGIT_MOVE,44100,2,1.4188888888888889,0.275005,True,171,2,0.00548106434212209,0.235382080078125,0,0.00581984475851159,0.160125732421875,0,False,False,3862,8,6→7
290,run_000290,29,10,2,CCW,UNLOADED,-1,3762,3862,7,8,5,0,True,digit_scan,DIGIT_MOVE,44100,2,1.4188888888888889,0.27467,True,171,2,0.009511600594186456,0.618316650390625,0,0.007337619035096794,0.23431396484375,0,False,False,3862,8,7→8
291,run_000291,30,1,2,CCW,LOADED,-1,3862,3962,8,9,5,0,True,digit_scan,DIGIT_MOVE,44100,2,1.4188888888888889,0.274835,True,171,2,0.005630432233816542,0.240020751953125,0,0.008817051260001865,0.27587890625,0,False,False,3862,8,8→9
292,run_000292,30,2,2,CCW,LOADED,-1,3962,3062,9,0,5,0,True,digit_scan,DIGIT_MOVE,44100,2,1.4188888888888889,0.274257,True,171,2,0.0015607544695463965,0.023529052734375,0,0.0022639643089477474,0.04180908203125,0,False,False,3862,8,9→0
293,run_000293,30,3,2,CCW,LOADED,-1,3062,3162,0,1,5,0,True,digit_scan,DIGIT_MOVE,44100,2,1.4188888888888889,0.275052,True,171,2,0.004409695055361113,0.19464111328125,0,0.0032740592130176753,0.071441650390625,0,False,False,3862,8,0→1
294,run_000294,30,4,2,CCW,LOADED,-1,3162,3262,1,2,5,0,True,digit_scan,DIGIT_MOVE,44100,2,1.4188888888888889,0.275464,True,171,2,0.003078307076802515,0.09014892578125,0,0.003413566937631883,0.04791259765625,0,False,False,3862,8,1→2
295,run_000295,30,5,2,CCW,LOADED,-1,3262,3362,2,3,5,0,True,digit_scan,DIGIT_MOVE,44100,2,1.4188888888888889,0.273954,True,171,2,0.00733631726494041,0.314056396484375,0,0.0056434268523565465,0.127838134765625,0,False,False,3862,8,2→3
296,run_000296,30,6,2,CCW,LOADED,-1,3362,3462,3,4,5,0,True,digit_scan,DIGIT_MOVE,44100,2,1.4188888888888889,0.274939,True,171,2,0.0080574990911627,0.341888427734375,0,0.004604474655431799,0.093170166015625,0,False,False,3862,8,3→4
297,run_000297,30,7,2,CCW,LOADED,-1,3462,3562,4,5,5,1,True,digit_scan,DIGIT_MOVE,44100,2,1.4188888888888889,0.274428,True,171,2,0.004872955035310429,0.1868896484375,0,0.004200010782252028,0.075347900390625,0,False,False,3862,8,4→5
298,run_000298,30,8,2,CCW,LOADED,-1,3562,3662,5,6,5,0,True,digit_scan,DIGIT_MOVE,44100,2,1.4188888888888889,0.273869,True,171,2,0.006533554830383151,0.35015869140625,0,0.0033863918350383014,0.06256103515625,0,False,False,3862,8,5→6
299,run_000299,30,9,2,CCW,LOADED,-1,3662,3762,6,7,5,0,True,digit_scan,DIGIT_MOVE,44100,2,1.4188888888888889,0.274623,True,171,2,0.002559306543169208,0.065521240234375,0,0.0025795707693852254,0.042755126953125,0,False,False,3862,8,6→7
300,run_000300,30,10,2,CCW,LOADED,-1,3762,3862,7,8,5,0,True,digit_scan,DIGIT_MOVE,44100,2,1.3876190476190475,0.2747,True,171,2,0.005634623329496968,0.237030029296875,0,0.0035162980194718444,0.071197509765625,0,False,False,3862,8,7→8
301,run_000301,31,1,2,CCW,LOADED,-1,3162,3262,1,2,5,0,True,digit_scan,DIGIT_MOVE,44100,2,1.4188888888888889,0.275058,True,171,2,0.007161697726220984,0.27777099609375,0,0.009616163962462454,0.2742919921875,0,False,False,3162,1,1→2
302,run_000302,31,2,2,CCW,LOADED,-1,3262,3362,2,3,5,0,True,digit_scan,DIGIT_MOVE,44100,2,1.4188888888888889,0.275554,True,171,2,0.0029829189631873443,0.083953857421875,0,0.0051670978112834075,0.139617919921875,0,False,False,3162,1,2→3
303,run_000303,31,3,2,CCW,LOADED,-1,3362,3462,3,4,5,0,True,digit_scan,DIGIT_MOVE,44100,2,1.4188888888888889,0.274964,True,171,2,0.011695943713929206,0.490234375,0,0.0065166909151170875,0.12030029296875,0,False,False,3162,1,3→4
304,run_000304,31,4,2,CCW,LOADED,-1,3462,3562,4,5,5,1,True,digit_scan,DIGIT_MOVE,44100,2,1.4188888888888889,0.274124,True,171,2,0.004837563512235903,0.1746826171875,0,0.004199752902930386,0.076995849609375,0,False,False,3162,1,4→5
305,run_000305,31,5,2,CCW,LOADED,-1,3562,3662,5,6,5,0,True,digit_scan,DIGIT_MOVE,44100,2,1.4188888888888889,0.27486,True,171,2,0.006290851974532481,0.2210693359375,0,0.003467001945910797,0.0538330078125,0,False,False,3162,1,5→6
306,run_000306,31,6,2,CCW,LOADED,-1,3662,3762,6,7,5,0,True,digit_scan,DIGIT_MOVE,44100,2,1.4188888888888889,0.275373,True,171,2,0.004024465637101918,0.13739013671875,0,0.0038503843728552568,0.056182861328125,0,False,False,3162,1,6→7
307,run_000307,31,7,2,CCW,LOADED,-1,3762,3862,7,8,5,0,True,digit_scan,DIGIT_MOVE,44100,2,1.4188888888888889,0.27579,True,171,2,0.00664649152418125,0.28497314453125,0,0.005380319607859213,0.129638671875,0,False,False,3162,1,7→8
308,run_000308,31,8,2,CCW,LOADED,-1,3862,3962,8,9,5,0,True,digit_scan,DIGIT_MOVE,44100,2,1.4188888888888889,0.275608,True,171,2,0.0018930109067825716,0.038482666015625,0,0.002507837633457749,0.040557861328125,0,False,False,3162,1,8→9
309,run_000309,31,9,2,CCW,LOADED,-1,3962,3062,9,0,5,0,True,digit_scan,DIGIT_MOVE,44100,2,1.4188888888888889,0.274803,True,171,2,0.0019362865864179376,0.022552490234375,0,0.002199056392070037,0.04925537109375,0,False,False,3162,1,9→0
310,run_000310,31,10,2,CCW,LOADED,-1,3062,3162,0,1,5,0,True,digit_scan,DIGIT_MOVE,44100,2,1.4188888888888889,0.274713,True,171,2,0.0068606146267518,0.32916259765625,0,0.004404330398024125,0.10162353515625,0,False,False,3162,1,0→1
311,run_000311,32,1,2,CCW,UNLOADED,-1,3162,3262,1,2,5,0,True,digit_scan,DIGIT_MOVE,44100,2,1.4188888888888889,0.275403,True,171,2,0.008557865805465662,0.29815673828125,0,0.007009147437015471,0.2042236328125,0,False,False,3162,1,1→2
312,run_000312,32,2,2,CCW,UNLOADED,-1,3262,3362,2,3,5,0,True,digit_scan,DIGIT_MOVE,44100,2,1.4188888888888889,0.274363,True,171,2,0.006309750448407392,0.1707763671875,0,0.005668661606737307,0.12469482421875,0,False,False,3162,1,2→3
313,run_000313,32,3,2,CCW,UNLOADED,-1,3362,3462,3,4,5,0,True,digit_scan,DIGIT_MOVE,44100,2,1.4188888888888889,0.275017,True,171,2,0.009327172232369405,0.235504150390625,0,0.00560060362592149,0.10675048828125,0,False,False,3162,1,3→4
314,run_000314,32,4,2,CCW,UNLOADED,-1,3462,3562,4,5,5,1,True,digit_scan,DIGIT_MOVE,44100,2,1.4188888888888889,0.274202,True,171,2,0.00964731182135443,0.277679443359375,0,0.00803236234648863,0.28302001953125,0,False,False,3162,1,4→5
315,run_000315,32,5,2,CCW,UNLOADED,-1,3562,3662,5,6,5,0,True,digit_scan,DIGIT_MOVE,44100,2,1.4188888888888889,0.275604,True,171,2,0.010950917563544113,0.542694091796875,0,0.005984113571050527,0.160186767578125,0,False,False,3162,1,5→6
316,run_000316,32,6,2,CCW,UNLOADED,-1,3662,3762,6,7,5,0,True,digit_scan,DIGIT_MOVE,44100,2,1.4188888888888889,0.273932,True,171,2,0.005711040273549964,0.193634033203125,0,0.004368935748204026,0.083038330078125,0,False,False,3162,1,6→7
317,run_000317,32,7,2,CCW,UNLOADED,-1,3762,3862,7,8,5,0,True,digit_scan,DIGIT_MOVE,44100,2,1.4188888888888889,0.274085,True,171,2,0.010175900112149704,0.297088623046875,0,0.006321558096180807,0.164215087890625,0,False,False,3162,1,7→8
318,run_000318,32,8,2,CCW,UNLOADED,-1,3862,3962,8,9,5,0,True,digit_scan,DIGIT_MOVE,44100,2,1.4188888888888889,0.27407,True,171,2,0.002853455993477909,0.088958740234375,0,0.0023428470117988617,0.039825439453125,0,False,False,3162,1,8→9
319,run_000319,32,9,2,CCW,UNLOADED,-1,3962,3062,9,0,5,0,True,digit_scan,DIGIT_MOVE,44100,2,1.4188888888888889,0.274326,True,171,2,0.0038524446807173237,0.15911865234375,0,0.0035711005997982872,0.079620361328125,0,False,False,3162,1,9→0
320,run_000320,32,10,2,CCW,UNLOADED,-1,3062,3162,0,1,5,0,True,digit_scan,DIGIT_MOVE,44100,2,1.4188888888888889,0.275021,True,171,2,0.005180937024980989,0.17694091796875,0,0.005192455928890778,0.12939453125,0,False,False,3162,1,0→1
321,run_000321,33,1,2,CCW,UNLOADED,-1,3262,3362,2,3,5,0,True,digit_scan,DIGIT_MOVE,44100,2,1.4188888888888889,0.275512,True,171,2,0.007201680433045984,0.162872314453125,0,0.007704887567821807,0.18121337890625,0,False,False,3262,2,2→3
322,run_000322,33,2,2,CCW,UNLOADED,-1,3362,3462,3,4,5,0,True,digit_scan,DIGIT_MOVE,44100,2,1.4188888888888889,0.274767,True,171,2,0.006785083393527602,0.208648681640625,0,0.005904689595570305,0.104827880859375,0,False,False,3262,2,3→4
323,run_000323,33,3,2,CCW,UNLOADED,-1,3462,3562,4,5,5,1,True,digit_scan,DIGIT_MOVE,44100,2,1.4188888888888889,0.27525,True,171,2,0.008445387848618213,0.33074951171875,0,0.007182547051613146,0.20135498046875,0,False,False,3262,2,4→5
324,run_000324,33,4,2,CCW,UNLOADED,-1,3562,3662,5,6,5,0,True,digit_scan,DIGIT_MOVE,44100,2,1.4188888888888889,0.274124,True,171,2,0.009662866551089095,0.34210205078125,0,0.006831776441158783,0.18121337890625,0,False,False,3262,2,5→6
325,run_000325,33,5,2,CCW,UNLOADED,-1,3662,3762,6,7,5,0,True,digit_scan,DIGIT_MOVE,44100,2,1.4188888888888889,0.275419,True,171,2,0.016563538398620747,0.604278564453125,0,0.013915562965654283,0.35791015625,0,False,False,3262,2,6→7
326,run_000326,33,6,2,CCW,UNLOADED,-1,3762,3862,7,8,5,0,True,digit_scan,DIGIT_MOVE,44100,2,1.4188888888888889,0.275609,True,171,2,0.0050832773862816445,0.165924072265625,0,0.0035753458871421945,0.06982421875,0,False,False,3262,2,7→8
327,run_000327,33,7,2,CCW,UNLOADED,-1,3862,3962,8,9,5,0,True,digit_scan,DIGIT_MOVE,44100,2,1.4188888888888889,0.275065,True,171,2,0.0025552874938407468,0.08038330078125,0,0.0021941210489919913,0.045562744140625,0,False,False,3262,2,8→9
328,run_000328,33,8,2,CCW,UNLOADED,-1,3962,3062,9,0,5,0,True,digit_scan,DIGIT_MOVE,44100,2,1.4188888888888889,0.274852,True,171,2,0.0021728551308746315,0.026214599609375,0,0.002503377670092877,0.040252685546875,0,False,False,3262,2,9→0
329,run_000329,33,9,2,CCW,UNLOADED,-1,3062,3162,0,1,5,0,True,digit_scan,DIGIT_MOVE,44100,2,1.4188888888888889,0.274812,True,171,2,0.006823014918308754,0.31500244140625,0,0.006533405086621162,0.17218017578125,0,False,False,3262,2,0→1
330,run_000330,33,10,2,CCW,UNLOADED,-1,3162,3262,1,2,5,0,True,digit_scan,DIGIT_MOVE,44100,2,1.4188888888888889,0.274118,True,171,2,0.002559300701441869,0.06463623046875,0,0.0034149477812298887,0.04205322265625,0,False,False,3262,2,1→2
331,run_000331,34,1,2,CCW,LOADED,-1,3262,3362,2,3,5,0,True,digit_scan,DIGIT_MOVE,44100,2,1.4188888888888889,0.274756,True,171,2,0.0036434982475627197,0.078125,0,0.00718876623754145,0.207550048828125,0,False,False,3262,2,2→3
332,run_000332,34,2,2,CCW,LOADED,-1,3362,3462,3,4,5,0,True,digit_scan,DIGIT_MOVE,44100,2,1.4188888888888889,0.275364,True,171,2,0.00713070543441968,0.260894775390625,0,0.005306945681864782,0.135162353515625,0,False,False,3262,2,3→4
333,run_000333,34,3,2,CCW,LOADED,-1,3462,3562,4,5,5,1,True,digit_scan,DIGIT_MOVE,44100,2,1.4188888888888889,0.274628,True,171,2,0.004806164312438657,0.1583251953125,0,0.003697401102823511,0.05419921875,0,False,False,3262,2,4→5
334,run_000334,34,4,2,CCW,LOADED,-1,3562,3662,5,6,5,0,True,digit_scan,DIGIT_MOVE,44100,2,1.4188888888888889,0.274935,True,171,2,0.011646258261655074,0.5390625,0,0.004744209545482406,0.103179931640625,0,False,False,3262,2,5→6
335,run_000335,34,5,2,CCW,LOADED,-1,3662,3762,6,7,5,0,True,digit_scan,DIGIT_MOVE,44100,2,1.4188888888888889,0.274056,True,171,2,0.0041870507527012645,0.125335693359375,0,0.003934167895556512,0.066314697265625,0,False,False,3262,2,6→7
336,run_000336,34,6,2,CCW,LOADED,-1,3762,3862,7,8,5,0,True,digit_scan,DIGIT_MOVE,44100,2,1.4188888888888889,0.274323,True,171,2,0.0030449948107503623,0.108795166015625,0,0.0036223468002990217,0.0914306640625,0,False,False,3262,2,7→8
337,run_000337,34,7,2,CCW,LOADED,-1,3862,3962,8,9,5,0,True,digit_scan,DIGIT_MOVE,44100,2,1.4188888888888889,0.275396,True,171,2,0.0017685668957994982,0.022705078125,0,0.0026557662193348692,0.053436279296875,0,False,False,3262,2,8→9
338,run_000338,34,8,2,CCW,LOADED,-1,3962,3062,9,0,5,0,True,digit_scan,DIGIT_MOVE,44100,2,1.4188888888888889,0.27537,True,171,2,0.0026102990089799747,0.077728271484375,0,0.00276335963444054,0.041778564453125,0,False,False,3262,2,9→0
339,run_000339,34,9,2,CCW,LOADED,-1,3062,3162,0,1,5,0,True,digit_scan,DIGIT_MOVE,44100,2,1.4188888888888889,0.275338,True,171,2,0.0070090543558217295,0.27923583984375,0,0.004669631537982914,0.091278076171875,0,False,False,3262,2,0→1
340,run_000340,34,10,2,CCW,LOADED,-1,3162,3262,1,2,5,0,True,digit_scan,DIGIT_MOVE,44100,2,1.4188888888888889,0.274021,True,171,2,0.0019540587292847696,0.02886962890625,0,0.0028504386068196035,0.037445068359375,0,False,False,3262,2,1→2
341,run_000341,35,1,2,CCW,LOADED,-1,3962,3062,9,0,5,0,True,digit_scan,DIGIT_MOVE,44100,2,1.4188888888888889,0.274451,True,171,2,0.0023360937058926117,0.05560302734375,0,0.0026963853766976786,0.04168701171875,0,False,False,3962,9,9→0
342,run_000342,35,2,2,CCW,LOADED,-1,3062,3162,0,1,5,0,True,digit_scan,DIGIT_MOVE,44100,2,1.4188888888888889,0.274754,True,171,2,0.0032467231109322837,0.13934326171875,0,0.004127152714269712,0.09918212890625,0,False,False,3962,9,0→1
343,run_000343,35,3,2,CCW,LOADED,-1,3162,3262,1,2,5,0,True,digit_scan,DIGIT_MOVE,44100,2,1.3876190476190475,0.273937,True,171,2,0.002119202136550178,0.023101806640625,0,0.0030960453127008287,0.03704833984375,0,False,False,3962,9,1→2
344,run_000344,35,4,2,CCW,LOADED,-1,3262,3362,2,3,5,0,True,digit_scan,DIGIT_MOVE,44100,2,1.4188888888888889,0.275555,True,171,2,0.0037570001827454988,0.19244384765625,0,0.004127486404926278,0.071563720703125,0,False,False,3962,9,2→3
345,run_000345,35,5,2,CCW,LOADED,-1,3362,3462,3,4,5,0,True,digit_scan,DIGIT_MOVE,44100,2,1.4188888888888889,0.274936,True,171,2,0.007482160271116712,0.259490966796875,0,0.004558243847141949,0.1307373046875,0,False,False,3962,9,3→4
346,run_000346,35,6,2,CCW,LOADED,-1,3462,3562,4,5,5,1,True,digit_scan,DIGIT_MOVE,44100,2,1.4188888888888889,0.274481,True,171,2,0.00424580985549807,0.164764404296875,0,0.003917148011774367,0.065582275390625,0,False,False,3962,9,4→5
347,run_000347,35,7,2,CCW,LOADED,-1,3562,3662,5,6,5,0,True,digit_scan,DIGIT_MOVE,44100,2,1.4188888888888889,0.275221,True,171,2,0.004197005670799291,0.19781494140625,0,0.0035417619007450333,0.048126220703125,0,False,False,3962,9,5→6
348,run_000348,35,8,2,CCW,LOADED,-1,3662,3762,6,7,5,0,True,digit_scan,DIGIT_MOVE,44100,2,1.4188888888888889,0.275482,True,171,2,0.0021950677372102627,0.032135009765625,0,0.0028004138562063986,0.046966552734375,0,False,False,3962,9,6→7
349,run_000349,35,9,2,CCW,LOADED,-1,3762,3862,7,8,5,0,True,digit_scan,DIGIT_MOVE,44100,2,1.4188888888888889,0.274487,True,171,2,0.003246839074236457,0.158935546875,0,0.0032288299189962076,0.05792236328125,0,False,False,3962,9,7→8
350,run_000350,35,10,2,CCW,LOADED,-1,3862,3962,8,9,5,0,True,digit_scan,DIGIT_MOVE,44100,2,1.4188888888888889,0.274106,True,171,2,0.002301964904979442,0.085418701171875,0,0.002726690119610432,0.04534912109375,0,False,False,3962,9,8→9
351,run_000351,36,1,2,CCW,UNLOADED,-1,3962,3062,9,0,5,0,True,digit_scan,DIGIT_MOVE,44100,2,1.4188888888888889,0.274147,True,171,2,0.0051600871143558285,0.1312255859375,0,0.006101589523544241,0.1400146484375,0,False,False,3962,9,9→0
352,run_000352,36,2,2,CCW,UNLOADED,-1,3062,3162,0,1,5,0,True,digit_scan,DIGIT_MOVE,44100,2,1.4188888888888889,0.275592,True,171,2,0.007033372858461016,0.262603759765625,0,0.005629335052069409,0.1064453125,0,False,False,3962,9,0→1
353,run_000353,36,3,2,CCW,UNLOADED,-1,3162,3262,1,2,5,0,True,digit_scan,DIGIT_MOVE,44100,2,1.4188888888888889,0.275308,True,171,2,0.005336474228167438,0.1854248046875,0,0.003848271568927109,0.04888916015625,0,False,False,3962,9,1→2
354,run_000354,36,4,2,CCW,UNLOADED,-1,3262,3362,2,3,5,0,True,digit_scan,DIGIT_MOVE,44100,2,1.4188888888888889,0.274789,True,171,2,0.006911162374977238,0.233184814453125,0,0.004628578833654926,0.088623046875,0,False,False,3962,9,2→3
355,run_000355,36,5,2,CCW,UNLOADED,-1,3362,3462,3,4,5,0,True,digit_scan,DIGIT_MOVE,44100,2,1.4188888888888889,0.274076,True,171,2,0.008812119971257084,0.25933837890625,0,0.00517504270577899,0.128997802734375,0,False,False,3962,9,3→4
356,run_000356,36,6,2,CCW,UNLOADED,-1,3462,3562,4,5,5,1,True,digit_scan,DIGIT_MOVE,44100,2,1.4188888888888889,0.273928,True,171,2,0.005584402784392571,0.210968017578125,0,0.006168227315295063,0.180633544921875,0,False,False,3962,9,4→5
357,run_000357,36,7,2,CCW,UNLOADED,-1,3562,3662,5,6,5,0,True,digit_scan,DIGIT_MOVE,44100,2,1.4188888888888889,0.274389,True,171,2,0.008318572778893614,0.528289794921875,0,0.006592372858688844,0.180145263671875,0,False,False,3962,9,5→6
358,run_000358,36,8,2,CCW,UNLOADED,-1,3662,3762,6,7,5,0,True,digit_scan,DIGIT_MOVE,44100,2,1.4188888888888889,0.274966,True,171,2,0.0027432397394549393,0.0478515625,0,0.0028943738623505148,0.03985595703125,0,False,False,3962,9,6→7
359,run_000359,36,9,2,CCW,UNLOADED,-1,3762,3862,7,8,5,0,True,digit_scan,DIGIT_MOVE,44100,2,1.4188888888888889,0.274138,True,171,2,0.004949775423713123,0.18939208984375,0,0.006315601690323364,0.1842041015625,0,False,False,3962,9,7→8
360,run_000360,36,10,2,CCW,UNLOADED,-1,3862,3962,8,9,5,0,True,digit_scan,DIGIT_MOVE,44100,2,1.4188888888888889,0.274335,True,171,2,0.0031322818625811747,0.08123779296875,0,0.0030171251708495423,0.035888671875,0,False,False,3962,9,8→9
361,run_000361,37,1,2,CCW,UNLOADED,-1,3662,3762,6,7,5,0,True,digit_scan,DIGIT_MOVE,44100,2,1.4188888888888889,0.274129,True,171,2,0.012493497879042957,0.52166748046875,0,0.009332719189082614,0.323577880859375,0,False,False,3662,6,6→7
362,run_000362,37,2,2,CCW,UNLOADED,-1,3762,3862,7,8,5,0,True,digit_scan,DIGIT_MOVE,44100,2,1.4188888888888889,0.274702,True,171,2,0.0031868163140248568,0.10894775390625,0,0.0034603672484199745,0.057342529296875,0,False,False,3662,6,7→8
363,run_000363,37,3,2,CCW,UNLOADED,-1,3862,3962,8,9,5,0,True,digit_scan,DIGIT_MOVE,44100,2,1.4188888888888889,0.274877,True,171,2,0.003073334686407725,0.0902099609375,0,0.0031006824849410318,0.046844482421875,0,False,False,3662,6,8→9
364,run_000364,37,4,2,CCW,UNLOADED,-1,3962,3062,9,0,5,0,True,digit_scan,DIGIT_MOVE,44100,2,1.4188888888888889,0.275357,True,171,2,0.002612152756701391,0.053802490234375,0,0.003104468755946902,0.035003662109375,0,False,False,3662,6,9→0
365,run_000365,37,5,2,CCW,UNLOADED,-1,3062,3162,0,1,5,0,True,digit_scan,DIGIT_MOVE,44100,2,1.4188888888888889,0.274305,True,171,2,0.0048655737277384006,0.240264892578125,0,0.005184575532907801,0.097808837890625,0,False,False,3662,6,0→1
366,run_000366,37,6,2,CCW,UNLOADED,-1,3162,3262,1,2,5,0,True,digit_scan,DIGIT_MOVE,44100,2,1.4188888888888889,0.275115,True,171,2,0.0024699256699121665,0.06829833984375,0,0.003380639797912936,0.058929443359375,0,False,False,3662,6,1→2
367,run_000367,37,7,2,CCW,UNLOADED,-1,3262,3362,2,3,5,0,True,digit_scan,DIGIT_MOVE,44100,2,1.4188888888888889,0.273899,True,171,2,0.009231432907853667,0.27587890625,0,0.004154391426510197,0.1038818359375,0,False,False,3662,6,2→3
368,run_000368,37,8,2,CCW,UNLOADED,-1,3362,3462,3,4,5,0,True,digit_scan,DIGIT_MOVE,44100,2,1.4188888888888889,0.274829,True,171,2,0.0057059170685728215,0.227691650390625,0,0.004716990540536774,0.089874267578125,0,False,False,3662,6,3→4
369,run_000369,37,9,2,CCW,UNLOADED,-1,3462,3562,4,5,5,1,True,digit_scan,DIGIT_MOVE,44100,2,1.4188888888888889,0.274373,True,171,2,0.008184563640117052,0.305206298828125,0,0.0074550076917324,0.238067626953125,0,False,False,3662,6,4→5
370,run_000370,37,10,2,CCW,UNLOADED,-1,3562,3662,5,6,5,0,True,digit_scan,DIGIT_MOVE,44100,2,1.4188888888888889,0.274306,True,171,2,0.006148337494033839,0.333221435546875,0,0.0056307430674270575,0.163360595703125,0,False,False,3662,6,5→6
371,run_000371,38,1,2,CCW,LOADED,-1,3662,3762,6,7,5,0,True,digit_scan,DIGIT_MOVE,44100,2,1.4188888888888889,0.27456,True,171,2,0.012207655551220005,0.137664794921875,0,0.006705066103238602,0.186676025390625,0,False,False,3662,6,6→7
372,run_000372,38,2,2,CCW,LOADED,-1,3762,3862,7,8,5,0,True,digit_scan,DIGIT_MOVE,44100,2,1.4188888888888889,0.274534,True,171,2,0.0033196496007656734,0.145965576171875,0,0.0031170199688693497,0.039642333984375,0,False,False,3662,6,7→8
373,run_000373,38,3,2,CCW,LOADED,-1,3862,3962,8,9,5,0,True,digit_scan,DIGIT_MOVE,44100,2,1.4188888888888889,0.275263,True,171,2,0.003569404463248008,0.1510009765625,0,0.0032257592245759875,0.0418701171875,0,False,False,3662,6,8→9
374,run_000374,38,4,2,CCW,LOADED,-1,3962,3062,9,0,5,0,True,digit_scan,DIGIT_MOVE,44100,2,1.4188888888888889,0.274135,True,171,2,0.00237056848727972,0.074920654296875,0,0.002905699385679683,0.035919189453125,0,False,False,3662,6,9→0
375,run_000375,38,5,2,CCW,LOADED,-1,3062,3162,0,1,5,0,True,digit_scan,DIGIT_MOVE,44100,2,1.4188888888888889,0.274436,True,171,2,0.005520310900867111,0.31890869140625,0,0.004619174258127015,0.109893798828125,0,False,False,3662,6,0→1
376,run_000376,38,6,2,CCW,LOADED,-1,3162,3262,1,2,5,0,True,digit_scan,DIGIT_MOVE,44100,2,1.4188888888888889,0.274247,True,171,2,0.002164812836020192,0.0474853515625,0,0.0026367225910647633,0.039825439453125,0,False,False,3662,6,1→2
377,run_000377,38,7,2,CCW,LOADED,-1,3262,3362,2,3,5,0,True,digit_scan,DIGIT_MOVE,44100,2,1.4188888888888889,0.27517,True,171,2,0.006541367966953909,0.194854736328125,0,0.0032994578195282296,0.055450439453125,0,False,False,3662,6,2→3
378,run_000378,38,8,2,CCW,LOADED,-1,3362,3462,3,4,5,0,True,digit_scan,DIGIT_MOVE,44100,2,1.4188888888888889,0.275436,True,171,2,0.010031680463843782,0.35955810546875,0,0.005556992516974724,0.1588134765625,0,False,False,3662,6,3→4
379,run_000379,38,9,2,CCW,LOADED,-1,3462,3562,4,5,5,1,True,digit_scan,DIGIT_MOVE,44100,2,1.4188888888888889,0.274342,True,171,2,0.0030679923202727205,0.084228515625,0,0.00322019576105445,0.066497802734375,0,False,False,3662,6,4→5
380,run_000380,38,10,2,CCW,LOADED,-1,3562,3662,5,6,5,0,True,digit_scan,DIGIT_MOVE,44100,2,1.4188888888888889,0.27457,True,171,2,0.005264923953363627,0.239959716796875,0,0.0034354001871719463,0.058380126953125,0,False,False,3662,6,5→6
381,run_000381,39,1,2,CCW,LOADED,-1,3362,3462,3,4,5,0,True,digit_scan,DIGIT_MOVE,44100,2,1.4188888888888889,0.275236,True,171,2,0.011402399740772388,0.5880126953125,0,0.005068350779035773,0.15582275390625,0,False,False,3362,3,3→4
382,run_000382,39,2,2,CCW,LOADED,-1,3462,3562,4,5,5,1,True,digit_scan,DIGIT_MOVE,44100,2,1.4188888888888889,0.275144,True,171,2,0.0024429122565348504,0.057708740234375,0,0.002364061010841513,0.03509521484375,0,False,False,3362,3,4→5
383,run_000383,39,3,2,CCW,LOADED,-1,3562,3662,5,6,5,0,True,digit_scan,DIGIT_MOVE,44100,2,1.4188888888888889,0.275559,True,171,2,0.002475892376102007,0.070648193359375,0,0.0030122987895116293,0.061004638671875,0,False,False,3362,3,5→6
384,run_000384,39,4,2,CCW,LOADED,-1,3662,3762,6,7,5,0,True,digit_scan,DIGIT_MOVE,44100,2,1.4188888888888889,0.274651,True,171,2,0.0016783215899823063,0.02166748046875,0,0.003214774393594922,0.039031982421875,0,False,False,3362,3,6→7
385,run_000385,39,5,2,CCW,LOADED,-1,3762,3862,7,8,5,0,True,digit_scan,DIGIT_MOVE,44100,2,1.4188888888888889,0.274166,True,171,2,0.002710991787051692,0.097869873046875,0,0.004264068917516499,0.07000732421875,0,False,False,3362,3,7→8
386,run_000386,39,6,2,CCW,LOADED,-1,3862,3962,8,9,5,0,True,digit_scan,DIGIT_MOVE,44100,2,1.4188888888888889,0.274741,True,171,2,0.0016639477633244113,0.02362060546875,0,0.0028303146620378495,0.044036865234375,0,False,False,3362,3,8→9
387,run_000387,39,7,2,CCW,LOADED,-1,3962,3062,9,0,5,0,True,digit_scan,DIGIT_MOVE,44100,2,1.4188888888888889,0.275215,True,171,2,0.0017617069977365171,0.032684326171875,0,0.0027575060349441204,0.038116455078125,0,False,False,3362,3,9→0
388,run_000388,39,8,2,CCW,LOADED,-1,3062,3162,0,1,5,0,True,digit_scan,DIGIT_MOVE,44100,2,1.4188888888888889,0.274953,True,171,2,0.005541450033171354,0.29193115234375,0,0.00402930489668144,0.088348388671875,0,False,False,3362,3,0→1
389,run_000389,39,9,2,CCW,LOADED,-1,3162,3262,1,2,5,0,True,digit_scan,DIGIT_MOVE,44100,2,1.4188888888888889,0.274444,True,171,2,0.002320563865990595,0.046539306640625,0,0.00262184902506133,0.042144775390625,0,False,False,3362,3,1→2
390,run_000390,39,10,2,CCW,LOADED,-1,3262,3362,2,3,5,0,True,digit_scan,DIGIT_MOVE,44100,2,1.4188888888888889,0.275263,True,171,2,0.008161438567125326,0.404937744140625,0,0.005272895934049146,0.089080810546875,0,False,False,3362,3,2→3
391,run_000391,40,1,2,CCW,UNLOADED,-1,3362,3462,3,4,5,0,True,digit_scan,DIGIT_MOVE,44100,2,1.4188888888888889,0.275176,True,171,2,0.009355550383226842,0.25128173828125,0,0.009469901103137664,0.240997314453125,0,False,False,3362,3,3→4
392,run_000392,40,2,2,CCW,UNLOADED,-1,3462,3562,4,5,5,1,True,digit_scan,DIGIT_MOVE,44100,2,1.4188888888888889,0.274241,True,171,2,0.003163631212761469,0.103057861328125,0,0.0024475590017444876,0.03533935546875,0,False,False,3362,3,4→5
393,run_000393,40,3,2,CCW,UNLOADED,-1,3562,3662,5,6,5,0,True,digit_scan,DIGIT_MOVE,44100,2,1.4188888888888889,0.275267,True,171,2,0.0054388203391320215,0.186309814453125,0,0.005093963237948364,0.133819580078125,0,False,False,3362,3,5→6
394,run_000394,40,4,2,CCW,UNLOADED,-1,3662,3762,6,7,5,0,True,digit_scan,DIGIT_MOVE,44100,2,1.4188888888888889,0.274508,True,171,2,0.0021913175245093014,0.032318115234375,0,0.003600949817077308,0.03472900390625,0,False,False,3362,3,6→7
395,run_000395,40,5,2,CCW,UNLOADED,-1,3762,3862,7,8,5,0,True,digit_scan,DIGIT_MOVE,44100,2,1.4188888888888889,0.275155,True,171,2,0.007117208040909028,0.376708984375,0,0.00749642392097613,0.204620361328125,0,False,False,3362,3,7→8
396,run_000396,40,6,2,CCW,UNLOADED,-1,3862,3962,8,9,5,0,True,digit_scan,DIGIT_MOVE,44100,2,1.4188888888888889,0.275022,True,171,2,0.003684830649780467,0.116729736328125,0,0.0028510983181611695,0.03460693359375,0,False,False,3362,3,8→9
397,run_000397,40,7,2,CCW,UNLOADED,-1,3962,3062,9,0,5,0,True,digit_scan,DIGIT_MOVE,44100,2,1.4188888888888889,0.275492,True,171,2,0.002841748652286289,0.041107177734375,0,0.0028800176129656456,0.03955078125,0,False,False,3362,3,9→0
398,run_000398,40,8,2,CCW,UNLOADED,-1,3062,3162,0,1,5,0,True,digit_scan,DIGIT_MOVE,44100,2,1.4188888888888889,0.274918,True,171,2,0.00594726866487401,0.304107666015625,0,0.0047832049691656645,0.109466552734375,0,False,False,3362,3,0→1
399,run_000399,40,9,2,CCW,UNLOADED,-1,3162,3262,1,2,5,0,True,digit_scan,DIGIT_MOVE,44100,2,1.4188888888888889,0.274658,True,171,2,0.0021123336600104257,0.036956787109375,0,0.002868218110064887,0.036834716796875,0,False,False,3362,3,1→2
400,run_000400,40,10,2,CCW,UNLOADED,-1,3262,3362,2,3,5,0,True,digit_scan,DIGIT_MOVE,44100,2,1.4188888888888889,0.274618,True,171,2,0.005438151188658678,0.18292236328125,0,0.0041704539482962065,0.13671875,0,False,False,3362,3,2→3
401,run_000401,41,1,4,CCW,UNLOADED,-1,3564,3565,4,5,7,0,True,digit_scan,DIGIT_MOVE,44100,2,1.4188888888888889,0.274456,True,171,2,0.009146920301724691,0.24945068359375,0,0.010258682933732334,0.308197021484375,0,False,False,3564,4,4→5
402,run_000402,41,2,4,CCW,UNLOADED,-1,3565,3566,5,6,7,0,True,digit_scan,DIGIT_MOVE,44100,2,1.4188888888888889,0.275175,True,171,2,0.0039190506215598725,0.1116943359375,0,0.0034919781393429454,0.06915283203125,0,False,False,3564,4,5→6
403,run_000403,41,3,4,CCW,UNLOADED,-1,3566,3567,6,7,7,1,True,digit_scan,DIGIT_MOVE,44100,2,1.4188888888888889,0.275685,True,171,2,0.004041729439454643,0.140289306640625,0,0.0038500573486450504,0.070404052734375,0,False,False,3564,4,6→7
404,run_000404,41,4,4,CCW,UNLOADED,-1,3567,3568,7,8,7,0,True,digit_scan,DIGIT_MOVE,44100,2,1.4188888888888889,0.275279,True,171,2,0.002461788652380241,0.062896728515625,0,0.002941439897100337,0.057403564453125,0,False,False,3564,4,7→8
405,run_000405,41,5,4,CCW,UNLOADED,-1,3568,3569,8,9,7,0,True,digit_scan,DIGIT_MOVE,44100,2,1.4188888888888889,0.275251,True,171,2,0.0028099358076925903,0.08477783203125,0,0.0024505550502569623,0.04217529296875,0,False,False,3564,4,8→9
406,run_000406,41,6,4,CCW,UNLOADED,-1,3569,3560,9,0,7,0,True,digit_scan,DIGIT_MOVE,44100,2,1.4188888888888889,0.274207,True,171,2,0.0020943156130109734,0.03125,0,0.002521760368300087,0.03839111328125,0,False,False,3564,4,9→0
407,run_000407,41,7,4,CCW,UNLOADED,-1,3560,3561,0,1,7,0,True,digit_scan,DIGIT_MOVE,44100,2,1.4188888888888889,0.274786,True,171,2,0.0069014919524806985,0.337188720703125,0,0.0038731134877087498,0.074981689453125,0,False,False,3564,4,0→1
408,run_000408,41,8,4,CCW,UNLOADED,-1,3561,3562,1,2,7,0,True,digit_scan,DIGIT_MOVE,44100,2,1.4188888888888889,0.275117,True,171,2,0.004504604859435867,0.165496826171875,0,0.0038929965233959166,0.09454345703125,0,False,False,3564,4,1→2
409,run_000409,41,9,4,CCW,UNLOADED,-1,3562,3563,2,3,7,0,True,digit_scan,DIGIT_MOVE,44100,2,1.4188888888888889,0.275353,True,171,2,0.00770654638667109,0.28302001953125,0,0.009005209182542915,0.254791259765625,0,False,False,3564,4,2→3
410,run_000410,41,10,4,CCW,UNLOADED,-1,3563,3564,3,4,7,0,True,digit_scan,DIGIT_MOVE,44100,2,1.4188888888888889,0.274154,True,171,2,0.009842580488934492,0.394134521484375,0,0.008402541308311612,0.2452392578125,0,False,False,3564,4,3→4
411,run_000411,42,1,4,CCW,LOADED,-1,3564,3565,4,5,7,0,True,digit_scan,DIGIT_MOVE,44100,2,1.4188888888888889,0.274332,True,171,2,0.006226058672274586,0.16302490234375,0,0.008807078062533783,0.193389892578125,0,False,False,3564,4,4→5
412,run_000412,42,2,4,CCW,LOADED,-1,3565,3566,5,6,7,0,True,digit_scan,DIGIT_MOVE,44100,2,1.4188888888888889,0.275242,True,171,2,0.0027566067104234475,0.072906494140625,0,0.003282286846633468,0.069488525390625,0,False,False,3564,4,5→6
413,run_000413,42,3,4,CCW,LOADED,-1,3566,3567,6,7,7,1,True,digit_scan,DIGIT_MOVE,44100,2,1.4188888888888889,0.274477,True,171,2,0.0042758991888884905,0.171112060546875,0,0.004925438818067944,0.113128662109375,0,False,False,3564,4,6→7
414,run_000414,42,4,4,CCW,LOADED,-1,3567,3568,7,8,7,0,True,digit_scan,DIGIT_MOVE,44100,2,1.4188888888888889,0.274538,True,171,2,0.0017836963072434123,0.032745361328125,0,0.0024436274152208957,0.03961181640625,0,False,False,3564,4,7→8
415,run_000415,42,5,4,CCW,LOADED,-1,3568,3569,8,9,7,0,True,digit_scan,DIGIT_MOVE,44100,2,1.4188888888888889,0.274792,True,171,2,0.002162958184212556,0.02899169921875,0,0.0030945212147129517,0.0482177734375,0,False,False,3564,4,8→9
416,run_000416,42,6,4,CCW,LOADED,-1,3569,3560,9,0,7,0,True,digit_scan,DIGIT_MOVE,44100,2,1.4188888888888889,0.274006,True,171,2,0.004707414843442776,0.20367431640625,0,0.005326521518070275,0.12103271484375,0,False,False,3564,4,9→0
417,run_000417,42,7,4,CCW,LOADED,-1,3560,3561,0,1,7,0,True,digit_scan,DIGIT_MOVE,44100,2,1.4188888888888889,0.275234,True,171,2,0.004194101083074425,0.219329833984375,0,0.003346967857216083,0.07928466796875,0,False,False,3564,4,0→1
418,run_000418,42,8,4,CCW,LOADED,-1,3561,3562,1,2,7,0,True,digit_scan,DIGIT_MOVE,44100,2,1.3876190476190475,0.275405,True,171,2,0.0041804243193925925,0.16650390625,0,0.003983412682341644,0.08087158203125,0,False,False,3564,4,1→2
419,run_000419,42,9,4,CCW,LOADED,-1,3562,3563,2,3,7,0,True,digit_scan,DIGIT_MOVE,44100,2,1.4188888888888889,0.275096,True,171,2,0.005985876105208534,0.22454833984375,0,0.00887470509670873,0.234893798828125,0,False,False,3564,4,2→3
420,run_000420,42,10,4,CCW,LOADED,-1,3563,3564,3,4,7,0,True,digit_scan,DIGIT_MOVE,44100,2,1.4188888888888889,0.274415,True,171,2,0.011888975990693358,0.417755126953125,0,0.008473428903062704,0.254547119140625,0,False,False,3564,4,3→4
421,run_000421,43,1,4,CCW,LOADED,-1,3567,3568,7,8,7,0,True,digit_scan,DIGIT_MOVE,44100,2,1.4188888888888889,0.274728,True,171,2,0.0025681530335583524,0.057281494140625,0,0.0026539128388327793,0.045806884765625,0,False,False,3567,7,7→8
422,run_000422,43,2,4,CCW,LOADED,-1,3568,3569,8,9,7,0,True,digit_scan,DIGIT_MOVE,44100,2,1.4188888888888889,0.275192,True,171,2,0.0018878880699058126,0.03857421875,0,0.0026580778715974617,0.040802001953125,0,False,False,3567,7,8→9
423,run_000423,43,3,4,CCW,LOADED,-1,3569,3560,9,0,7,0,True,digit_scan,DIGIT_MOVE,44100,2,1.4188888888888889,0.274793,True,171,2,0.00351454248207248,0.12506103515625,0,0.0033728209398003863,0.052276611328125,0,False,False,3567,7,9→0
424,run_000424,43,4,4,CCW,LOADED,-1,3560,3561,0,1,7,0,True,digit_scan,DIGIT_MOVE,44100,2,1.4188888888888889,0.275491,True,171,2,0.004324143731510841,0.229278564453125,0,0.003654571514721137,0.0692138671875,0,False,False,3567,7,0→1
425,run_000425,43,5,4,CCW,LOADED,-1,3561,3562,1,2,7,0,True,digit_scan,DIGIT_MOVE,44100,2,1.4188888888888889,0.274573,True,171,2,0.0052229278409760965,0.252838134765625,0,0.005702614439540431,0.17510986328125,0,False,False,3567,7,1→2
426,run_000426,43,6,4,CCW,LOADED,-1,3562,3563,2,3,7,0,True,digit_scan,DIGIT_MOVE,44100,2,1.4188888888888889,0.274427,True,171,2,0.007692901363010367,0.350341796875,0,0.008189239882795706,0.20068359375,0,False,False,3567,7,2→3
427,run_000427,43,7,4,CCW,LOADED,-1,3563,3564,3,4,7,0,True,digit_scan,DIGIT_MOVE,44100,2,1.4188888888888889,0.274359,True,171,2,0.011244385275137768,0.442352294921875,0,0.009265881304384077,0.266326904296875,0,False,False,3567,7,3→4
428,run_000428,43,8,4,CCW,LOADED,-1,3564,3565,4,5,7,0,True,digit_scan,DIGIT_MOVE,44100,2,1.4188888888888889,0.274636,True,171,2,0.005303412767124237,0.274169921875,0,0.005232346881755857,0.1180419921875,0,False,False,3567,7,4→5
429,run_000429,43,9,4,CCW,LOADED,-1,3565,3566,5,6,7,0,True,digit_scan,DIGIT_MOVE,44100,2,1.4188888888888889,0.274976,True,171,2,0.0035741038517379297,0.1353759765625,0,0.003565533400089022,0.0557861328125,0,False,False,3567,7,5→6
430,run_000430,43,10,4,CCW,LOADED,-1,3566,3567,6,7,7,1,True,digit_scan,DIGIT_MOVE,44100,2,1.4188888888888889,0.275004,True,171,2,0.004124741951724763,0.16424560546875,0,0.0036174990920779977,0.057281494140625,0,False,False,3567,7,6→7
431,run_000431,44,1,4,CCW,UNLOADED,-1,3567,3568,7,8,7,0,True,digit_scan,DIGIT_MOVE,44100,2,1.4188888888888889,0.274134,True,171,2,0.007557348581905817,0.277191162109375,0,0.008178383361625652,0.22161865234375,0,False,False,3567,7,7→8
432,run_000432,44,2,4,CCW,UNLOADED,-1,3568,3569,8,9,7,0,True,digit_scan,DIGIT_MOVE,44100,2,1.4188888888888889,0.274521,True,171,2,0.003858439514471015,0.102874755859375,0,0.0028867401027924556,0.04095458984375,0,False,False,3567,7,8→9
433,run_000433,44,3,4,CCW,UNLOADED,-1,3569,3560,9,0,7,0,True,digit_scan,DIGIT_MOVE,44100,2,1.4188888888888889,0.274404,True,171,2,0.0066353827459179095,0.321197509765625,0,0.0037507019006790938,0.08148193359375,0,False,False,3567,7,9→0
434,run_000434,44,4,4,CCW,UNLOADED,-1,3560,3561,0,1,7,0,True,digit_scan,DIGIT_MOVE,44100,2,1.4188888888888889,0.274648,True,171,2,0.008468370537735085,0.332305908203125,0,0.003879115993705993,0.098541259765625,0,False,False,3567,7,0→1
435,run_000435,44,5,4,CCW,UNLOADED,-1,3561,3562,1,2,7,0,True,digit_scan,DIGIT_MOVE,44100,2,1.4188888888888889,0.275142,True,171,2,0.004482687904336256,0.188568115234375,0,0.004261480337186979,0.105987548828125,0,False,False,3567,7,1→2
436,run_000436,44,6,4,CCW,UNLOADED,-1,3562,3563,2,3,7,0,True,digit_scan,DIGIT_MOVE,44100,2,1.4188888888888889,0.274484,True,171,2,0.01037739047765599,0.37445068359375,0,0.008907419108599395,0.2060546875,0,False,False,3567,7,2→3
437,run_000437,44,7,4,CCW,UNLOADED,-1,3563,3564,3,4,7,0,True,digit_scan,DIGIT_MOVE,44100,2,1.4188888888888889,0.274499,True,171,2,0.009890821278544704,0.431915283203125,0,0.00929091653587852,0.2557373046875,0,False,False,3567,7,3→4
438,run_000438,44,8,4,CCW,UNLOADED,-1,3564,3565,4,5,7,0,True,digit_scan,DIGIT_MOVE,44100,2,1.3876190476190475,0.275054,True,171,2,0.004851514572210311,0.1947021484375,0,0.0045236257888279525,0.081817626953125,0,False,False,3567,7,4→5
439,run_000439,44,9,4,CCW,UNLOADED,-1,3565,3566,5,6,7,0,True,digit_scan,DIGIT_MOVE,44100,2,1.4188888888888889,0.275546,True,171,2,0.003960470686588014,0.174041748046875,0,0.002863454634798901,0.034423828125,0,False,False,3567,7,5→6
440,run_000440,44,10,4,CCW,UNLOADED,-1,3566,3567,6,7,7,1,True,digit_scan,DIGIT_MOVE,44100,2,1.3876190476190475,0.274646,True,171,2,0.007544840657698202,0.3763427734375,0,0.004324510793345945,0.105804443359375,0,False,False,3567,7,6→7
441,run_000441,45,1,4,CCW,UNLOADED,-1,3560,3561,0,1,7,0,True,digit_scan,DIGIT_MOVE,44100,2,1.4188888888888889,0.274869,True,171,2,0.007217781331621488,0.246124267578125,0,0.004008692713015019,0.082244873046875,0,False,False,3560,0,0→1
442,run_000442,45,2,4,CCW,UNLOADED,-1,3561,3562,1,2,7,0,True,digit_scan,DIGIT_MOVE,44100,2,1.4188888888888889,0.274345,True,171,2,0.00662141741431663,0.333038330078125,0,0.004386064489553297,0.11614990234375,0,False,False,3560,0,1→2
443,run_000443,45,3,4,CCW,UNLOADED,-1,3562,3563,2,3,7,0,True,digit_scan,DIGIT_MOVE,44100,2,1.4188888888888889,0.274854,True,171,2,0.008010990377878984,0.317840576171875,0,0.006434854986784923,0.137237548828125,0,False,False,3560,0,2→3
444,run_000444,45,4,4,CCW,UNLOADED,-1,3563,3564,3,4,7,0,True,digit_scan,DIGIT_MOVE,44100,2,1.4188888888888889,0.274005,True,171,2,0.010321383840168437,0.5274658203125,0,0.007556866615949531,0.19390869140625,0,False,False,3560,0,3→4
445,run_000445,45,5,4,CCW,UNLOADED,-1,3564,3565,4,5,7,0,True,digit_scan,DIGIT_MOVE,44100,2,1.4188888888888889,0.275566,True,171,2,0.006791815534801448,0.241607666015625,0,0.004558233370595541,0.092132568359375,0,False,False,3560,0,4→5
446,run_000446,45,6,4,CCW,UNLOADED,-1,3565,3566,5,6,7,0,True,digit_scan,DIGIT_MOVE,44100,2,1.4188888888888889,0.274357,True,171,2,0.0034381766891404455,0.15875244140625,0,0.0024620450313772675,0.03533935546875,0,False,False,3560,0,5→6
447,run_000447,45,7,4,CCW,UNLOADED,-1,3566,3567,6,7,7,1,True,digit_scan,DIGIT_MOVE,44100,2,1.4188888888888889,0.274175,True,171,2,0.001956334066517029,0.040802001953125,0,0.0023917313231069355,0.04327392578125,0,False,False,3560,0,6→7
448,run_000448,45,8,4,CCW,UNLOADED,-1,3567,3568,7,8,7,0,True,digit_scan,DIGIT_MOVE,44100,2,1.4188888888888889,0.275383,True,171,2,0.0023281066560728956,0.064239501953125,0,0.0024586890013876543,0.038787841796875,0,False,False,3560,0,7→8
449,run_000449,45,9,4,CCW,UNLOADED,-1,3568,3569,8,9,7,0,True,digit_scan,DIGIT_MOVE,44100,2,1.4188888888888889,0.275062,True,171,2,0.002164347065614187,0.059478759765625,0,0.002364036378194384,0.039154052734375,0,False,False,3560,0,8→9
450,run_000450,45,10,4,CCW,UNLOADED,-1,3569,3560,9,0,7,0,True,digit_scan,DIGIT_MOVE,44100,2,1.4188888888888889,0.274282,True,171,2,0.0029208692077614703,0.102142333984375,0,0.002754394713287723,0.0506591796875,0,False,False,3560,0,9→0
451,run_000451,46,1,4,CCW,LOADED,-1,3560,3561,0,1,7,0,True,digit_scan,DIGIT_MOVE,44100,2,1.4188888888888889,0.275497,True,171,2,0.005733198054532629,0.213623046875,0,0.0095771365061652,0.315277099609375,0,False,False,3560,0,0→1
452,run_000452,46,2,4,CCW,LOADED,-1,3561,3562,1,2,7,0,True,digit_scan,DIGIT_MOVE,44100,2,1.4188888888888889,0.274784,True,171,2,0.00776822180519326,0.371063232421875,0,0.006224080016317775,0.14447021484375,0,False,False,3560,0,1→2
453,run_000453,46,3,4,CCW,LOADED,-1,3562,3563,2,3,7,0,True,digit_scan,DIGIT_MOVE,44100,2,1.4188888888888889,0.27421,True,171,2,0.004473389085375313,0.1571044921875,0,0.004861751918437711,0.122528076171875,0,False,False,3560,0,2→3
454,run_000454,46,4,4,CCW,LOADED,-1,3563,3564,3,4,7,0,True,digit_scan,DIGIT_MOVE,44100,2,1.4188888888888889,0.274418,True,171,2,0.00973434862542145,0.327911376953125,0,0.007453824557417261,0.20281982421875,0,False,False,3560,0,3→4
455,run_000455,46,5,4,CCW,LOADED,-1,3564,3565,4,5,7,0,True,digit_scan,DIGIT_MOVE,44100,2,1.4188888888888889,0.274296,True,171,2,0.005898396248806668,0.268280029296875,0,0.004148959174106525,0.102325439453125,0,False,False,3560,0,4→5
456,run_000456,46,6,4,CCW,LOADED,-1,3565,3566,5,6,7,0,True,digit_scan,DIGIT_MOVE,44100,2,1.4188888888888889,0.274469,True,171,2,0.0022259446302080235,0.0267333984375,0,0.003012069211888172,0.050811767578125,0,False,False,3560,0,5→6
457,run_000457,46,7,4,CCW,LOADED,-1,3566,3567,6,7,7,1,True,digit_scan,DIGIT_MOVE,44100,2,1.4188888888888889,0.273794,True,171,2,0.002679650325187505,0.093414306640625,0,0.0028645808552631414,0.0552978515625,0,False,False,3560,0,6→7
458,run_000458,46,8,4,CCW,LOADED,-1,3567,3568,7,8,7,0,True,digit_scan,DIGIT_MOVE,44100,2,1.4188888888888889,0.274834,True,171,2,0.0032018075385182487,0.1097412109375,0,0.0030193547022368925,0.05706787109375,0,False,False,3560,0,7→8
459,run_000459,46,9,4,CCW,LOADED,-1,3568,3569,8,9,7,0,True,digit_scan,DIGIT_MOVE,44100,2,1.4188888888888889,0.275556,True,171,2,0.0017659530590857164,0.017425537109375,0,0.0022971690639116645,0.033966064453125,0,False,False,3560,0,8→9
460,run_000460,46,10,4,CCW,LOADED,-1,3569,3560,9,0,7,0,True,digit_scan,DIGIT_MOVE,44100,2,1.4188888888888889,0.274659,True,171,2,0.0031201026995009095,0.1220703125,0,0.00278676238953702,0.036529541015625,0,False,False,3560,0,9→0
461,run_000461,47,1,4,CCW,LOADED,-1,3565,3566,5,6,7,0,True,digit_scan,DIGIT_MOVE,44100,2,1.4188888888888889,0.274978,True,171,2,0.007251683645723268,0.197265625,0,0.009254036271031602,0.259490966796875,0,False,False,3565,5,5→6
462,run_000462,47,2,4,CCW,LOADED,-1,3566,3567,6,7,7,1,True,digit_scan,DIGIT_MOVE,44100,2,1.4188888888888889,0.275236,True,171,2,0.0039923218680575695,0.108123779296875,0,0.0040452877993229835,0.054840087890625,0,False,False,3565,5,6→7
463,run_000463,47,3,4,CCW,LOADED,-1,3567,3568,7,8,7,0,True,digit_scan,DIGIT_MOVE,44100,2,1.4188888888888889,0.274947,True,171,2,0.002383685887423458,0.04461669921875,0,0.00238187402781595,0.037139892578125,0,False,False,3565,5,7→8
464,run_000464,47,4,4,CCW,LOADED,-1,3568,3569,8,9,7,0,True,digit_scan,DIGIT_MOVE,44100,2,1.4188888888888889,0.274385,True,171,2,0.002054740305469337,0.0289306640625,0,0.002729583603286349,0.04693603515625,0,False,False,3565,5,8→9
465,run_000465,47,5,4,CCW,LOADED,-1,3569,3560,9,0,7,0,True,digit_scan,DIGIT_MOVE,44100,2,1.4188888888888889,0.275048,True,171,2,0.0037663139202252028,0.14886474609375,0,0.0038348133951771864,0.066192626953125,0,False,False,3565,5,9→0
466,run_000466,47,6,4,CCW,LOADED,-1,3560,3561,0,1,7,0,True,digit_scan,DIGIT_MOVE,44100,2,1.4188888888888889,0.274607,True,171,2,0.0046290320619431155,0.23406982421875,0,0.004441110505188756,0.082122802734375,0,False,False,3565,5,0→1
467,run_000467,47,7,4,CCW,LOADED,-1,3561,3562,1,2,7,0,True,digit_scan,DIGIT_MOVE,44100,2,1.4188888888888889,0.275587,True,171,2,0.007598603218588518,0.328460693359375,0,0.005803155314329781,0.1380615234375,0,False,False,3565,5,1→2
468,run_000468,47,8,4,CCW,LOADED,-1,3562,3563,2,3,7,0,True,digit_scan,DIGIT_MOVE,44100,2,1.4188888888888889,0.275048,True,171,2,0.0045713291216726475,0.15771484375,0,0.004834500296649305,0.103668212890625,0,False,False,3565,5,2→3
469,run_000469,47,9,4,CCW,LOADED,-1,3563,3564,3,4,7,0,True,digit_scan,DIGIT_MOVE,44100,2,1.4188888888888889,0.274921,True,171,2,0.01178345956149653,0.607025146484375,0,0.008825330682389571,0.281890869140625,0,False,False,3565,5,3→4
470,run_000470,47,10,4,CCW,LOADED,-1,3564,3565,4,5,7,0,True,digit_scan,DIGIT_MOVE,44100,2,1.4188888888888889,0.275192,True,171,2,0.004053256093088208,0.173858642578125,0,0.003341911854739777,0.059326171875,0,False,False,3565,5,4→5
471,run_000471,48,1,4,CCW,UNLOADED,-1,3565,3566,5,6,7,0,True,digit_scan,DIGIT_MOVE,44100,2,1.4188888888888889,0.274654,True,171,2,0.006038536461883314,0.18878173828125,0,0.004463801849576831,0.135345458984375,0,False,False,3565,5,5→6
472,run_000472,48,2,4,CCW,UNLOADED,-1,3566,3567,6,7,7,1,True,digit_scan,DIGIT_MOVE,44100,2,1.3876190476190475,0.274604,True,171,2,0.005621527885399056,0.1451416015625,0,0.0038635483429875104,0.073822021484375,0,False,False,3565,5,6→7
473,run_000473,48,3,4,CCW,UNLOADED,-1,3567,3568,7,8,7,0,True,digit_scan,DIGIT_MOVE,44100,2,1.4188888888888889,0.274945,True,171,2,0.0024265638657305346,0.0921630859375,0,0.002542886575056805,0.03900146484375,0,False,False,3565,5,7→8
474,run_000474,48,4,4,CCW,UNLOADED,-1,3568,3569,8,9,7,0,True,digit_scan,DIGIT_MOVE,44100,2,1.4188888888888889,0.275065,True,171,2,0.0017055220213522538,0.0191650390625,0,0.0024233375589093904,0.042327880859375,0,False,False,3565,5,8→9
475,run_000475,48,5,4,CCW,UNLOADED,-1,3569,3560,9,0,7,0,True,digit_scan,DIGIT_MOVE,44100,2,1.4188888888888889,0.275119,True,171,2,0.0038641367752693108,0.153594970703125,0,0.003099180157632157,0.040985107421875,0,False,False,3565,5,9→0
476,run_000476,48,6,4,CCW,UNLOADED,-1,3560,3561,0,1,7,0,True,digit_scan,DIGIT_MOVE,44100,2,1.4188888888888889,0.275477,True,171,2,0.0043140862430705055,0.168548583984375,0,0.0040958741074501705,0.10760498046875,0,False,False,3565,5,0→1
477,run_000477,48,7,4,CCW,UNLOADED,-1,3561,3562,1,2,7,0,True,digit_scan,DIGIT_MOVE,44100,2,1.4188888888888889,0.275154,True,171,2,0.004158275161272312,0.174713134765625,0,0.0034638726519608627,0.037994384765625,0,False,False,3565,5,1→2
478,run_000478,48,8,4,CCW,UNLOADED,-1,3562,3563,2,3,7,0,True,digit_scan,DIGIT_MOVE,44100,2,1.4188888888888889,0.274089,True,171,2,0.00661246996139868,0.39697265625,0,0.007434213208617152,0.204498291015625,0,False,False,3565,5,2→3
479,run_000479,48,9,4,CCW,UNLOADED,-1,3563,3564,3,4,7,0,True,digit_scan,DIGIT_MOVE,44100,2,1.4188888888888889,0.274767,True,171,2,0.01316663681978011,0.7542724609375,0,0.00516875109532708,0.1322021484375,0,False,False,3565,5,3→4
480,run_000480,48,10,4,CCW,UNLOADED,-1,3564,3565,4,5,7,0,True,digit_scan,DIGIT_MOVE,44100,2,1.4188888888888889,0.274568,True,171,2,0.006851531101685698,0.33306884765625,0,0.005630465115619055,0.144622802734375,0,False,False,3565,5,4→5
481,run_000481,49,1,4,CCW,UNLOADED,-1,3568,3569,8,9,7,0,True,digit_scan,DIGIT_MOVE,44100,2,1.4188888888888889,0.274316,True,171,2,0.0016082807206323413,0.01763916015625,0,0.0021931095549468657,0.02276611328125,0,False,False,3568,8,8→9
482,run_000482,49,2,4,CCW,UNLOADED,-1,3569,3560,9,0,7,0,True,digit_scan,DIGIT_MOVE,44100,2,1.4188888888888889,0.274881,True,171,2,0.0033248937610194265,0.0770263671875,0,0.0035981923163930832,0.060821533203125,0,False,False,3568,8,9→0
483,run_000483,49,3,4,CCW,UNLOADED,-1,3560,3561,0,1,7,0,True,digit_scan,DIGIT_MOVE,44100,2,1.4188888888888889,0.27517,True,171,2,0.00868724397489902,0.329254150390625,0,0.005671295467725072,0.113433837890625,0,False,False,3568,8,0→1
484,run_000484,49,4,4,CCW,UNLOADED,-1,3561,3562,1,2,7,0,True,digit_scan,DIGIT_MOVE,44100,2,1.4188888888888889,0.273769,True,171,2,0.00685846650436354,0.23895263671875,0,0.005656114733198712,0.109649658203125,0,False,False,3568,8,1→2
485,run_000485,49,5,4,CCW,UNLOADED,-1,3562,3563,2,3,7,0,True,digit_scan,DIGIT_MOVE,44100,2,1.4188888888888889,0.275371,True,171,2,0.007917643560871091,0.495635986328125,0,0.0059102311583025995,0.19256591796875,0,False,False,3568,8,2→3
486,run_000486,49,6,4,CCW,UNLOADED,-1,3563,3564,3,4,7,0,True,digit_scan,DIGIT_MOVE,44100,2,1.4188888888888889,0.274509,True,171,2,0.010956443466854215,0.463592529296875,0,0.005062627505714056,0.116058349609375,0,False,False,3568,8,3→4
487,run_000487,49,7,4,CCW,UNLOADED,-1,3564,3565,4,5,7,0,True,digit_scan,DIGIT_MOVE,44100,2,1.4188888888888889,0.273909,True,171,2,0.012293141019729403,0.499359130859375,0,0.005988415583126006,0.185272216796875,0,False,False,3568,8,4→5
488,run_000488,49,8,4,CCW,UNLOADED,-1,3565,3566,5,6,7,0,True,digit_scan,DIGIT_MOVE,44100,2,1.4188888888888889,0.274284,True,171,2,0.0028223073602658714,0.051513671875,0,0.0024835225591573386,0.03448486328125,0,False,False,3568,8,5→6
489,run_000489,49,9,4,CCW,UNLOADED,-1,3566,3567,6,7,7,1,True,digit_scan,DIGIT_MOVE,44100,2,1.4188888888888889,0.274715,True,171,2,0.003400281851834269,0.093658447265625,0,0.0030811697167022097,0.053375244140625,0,False,False,3568,8,6→7
490,run_000490,49,10,4,CCW,UNLOADED,-1,3567,3568,7,8,7,0,True,digit_scan,DIGIT_MOVE,44100,2,1.4188888888888889,0.274622,True,171,2,0.002887132629173198,0.113006591796875,0,0.0025878627081912663,0.033721923828125,0,False,False,3568,8,7→8
491,run_000491,50,1,4,CCW,LOADED,-1,3568,3569,8,9,7,0,True,digit_scan,DIGIT_MOVE,44100,2,1.4188888888888889,0.275076,True,171,2,0.006179308680734155,0.214080810546875,0,0.006854895842456291,0.17633056640625,0,False,False,3568,8,8→9
492,run_000492,50,2,4,CCW,LOADED,-1,3569,3560,9,0,7,0,True,digit_scan,DIGIT_MOVE,44100,2,1.4188888888888889,0.275236,True,171,2,0.002422079703928404,0.04998779296875,0,0.0029319519284310923,0.046905517578125,0,False,False,3568,8,9→0
493,run_000493,50,3,4,CCW,LOADED,-1,3560,3561,0,1,7,0,True,digit_scan,DIGIT_MOVE,44100,2,1.4188888888888889,0.273959,True,171,2,0.004380801917018335,0.14019775390625,0,0.0041423925942505714,0.078460693359375,0,False,False,3568,8,0→1
494,run_000494,50,4,4,CCW,LOADED,-1,3561,3562,1,2,7,0,True,digit_scan,DIGIT_MOVE,44100,2,1.4188888888888889,0.274574,True,171,2,0.007735803297108274,0.297637939453125,0,0.004496008481444478,0.098480224609375,0,False,False,3568,8,1→2
495,run_000495,50,5,4,CCW,LOADED,-1,3562,3563,2,3,7,0,True,digit_scan,DIGIT_MOVE,44100,2,1.4188888888888889,0.273991,True,171,2,0.004250781734903478,0.184295654296875,0,0.004803947717977779,0.1158447265625,0,False,False,3568,8,2→3
496,run_000496,50,6,4,CCW,LOADED,-1,3563,3564,3,4,7,0,True,digit_scan,DIGIT_MOVE,44100,2,1.4188888888888889,0.273975,True,171,2,0.005866398281905269,0.241943359375,0,0.007310019695424501,0.246124267578125,0,False,False,3568,8,3→4
497,run_000497,50,7,4,CCW,LOADED,-1,3564,3565,4,5,7,0,True,digit_scan,DIGIT_MOVE,44100,2,1.4188888888888889,0.273751,True,171,2,0.006814425610611067,0.34967041015625,0,0.004455019871836213,0.076629638671875,0,False,False,3568,8,4→5
498,run_000498,50,8,4,CCW,LOADED,-1,3565,3566,5,6,7,0,True,digit_scan,DIGIT_MOVE,44100,2,1.4188888888888889,0.275556,True,171,2,0.00402655376441364,0.125946044921875,0,0.0023716320140365886,0.038421630859375,0,False,False,3568,8,5→6
499,run_000499,50,9,4,CCW,LOADED,-1,3566,3567,6,7,7,1,True,digit_scan,DIGIT_MOVE,44100,2,1.4188888888888889,0.275022,True,171,2,0.0020156233618287543,0.03363037109375,0,0.0021198065455832215,0.032958984375,0,False,False,3568,8,6→7
500,run_000500,50,10,4,CCW,LOADED,-1,3567,3568,7,8,7,0,True,digit_scan,DIGIT_MOVE,44100,2,1.4188888888888889,0.274308,True,171,2,0.0035360010973815945,0.16619873046875,0,0.0034363271787325096,0.051025390625,0,False,False,3568,8,7→8
501,run_000501,51,1,4,CCW,LOADED,-1,3561,3562,1,2,7,0,True,digit_scan,DIGIT_MOVE,44100,2,1.4188888888888889,0.274381,True,171,2,0.007575698984897206,0.25067138671875,0,0.004160080816453676,0.12548828125,0,False,False,3561,1,1→2
502,run_000502,51,2,4,CCW,LOADED,-1,3562,3563,2,3,7,0,True,digit_scan,DIGIT_MOVE,44100,2,1.4188888888888889,0.274352,True,171,2,0.002856791800991702,0.08160400390625,0,0.0031461478165491366,0.048614501953125,0,False,False,3561,1,2→3
503,run_000503,51,3,4,CCW,LOADED,-1,3563,3564,3,4,7,0,True,digit_scan,DIGIT_MOVE,44100,2,1.4188888888888889,0.275235,True,171,2,0.010647058422319437,0.448455810546875,0,0.008970607770583186,0.232818603515625,0,False,False,3561,1,3→4
504,run_000504,51,4,4,CCW,LOADED,-1,3564,3565,4,5,7,0,True,digit_scan,DIGIT_MOVE,44100,2,1.4188888888888889,0.273983,True,171,2,0.008199813467326896,0.269775390625,0,0.004561499730620201,0.127655029296875,0,False,False,3561,1,4→5
505,run_000505,51,5,4,CCW,LOADED,-1,3565,3566,5,6,7,0,True,digit_scan,DIGIT_MOVE,44100,2,1.4188888888888889,0.274819,True,171,2,0.003470036050622993,0.12664794921875,0,0.0023370063424833654,0.033111572265625,0,False,False,3561,1,5→6
506,run_000506,51,6,4,CCW,LOADED,-1,3566,3567,6,7,7,1,True,digit_scan,DIGIT_MOVE,44100,2,1.4188888888888889,0.274752,True,171,2,0.0027712337658321777,0.071929931640625,0,0.0030750657835030173,0.04071044921875,0,False,False,3561,1,6→7
507,run_000507,51,7,4,CCW,LOADED,-1,3567,3568,7,8,7,0,True,digit_scan,DIGIT_MOVE,44100,2,1.4188888888888889,0.275265,True,171,2,0.0024694270040664136,0.06622314453125,0,0.0034250685795511127,0.05035400390625,0,False,False,3561,1,7→8
508,run_000508,51,8,4,CCW,LOADED,-1,3568,3569,8,9,7,0,True,digit_scan,DIGIT_MOVE,44100,2,1.4188888888888889,0.275281,True,171,2,0.0018515029631889293,0.0205078125,0,0.0034453938188727822,0.050048828125,0,False,False,3561,1,8→9
509,run_000509,51,9,4,CCW,LOADED,-1,3569,3560,9,0,7,0,True,digit_scan,DIGIT_MOVE,44100,2,1.4188888888888889,0.275262,True,171,2,0.0032472184880051693,0.143310546875,0,0.003904428767037985,0.084930419921875,0,False,False,3561,1,9→0
510,run_000510,51,10,4,CCW,LOADED,-1,3560,3561,0,1,7,0,True,digit_scan,DIGIT_MOVE,44100,2,1.4188888888888889,0.275573,True,171,2,0.00415802112952244,0.164642333984375,0,0.003971196211784951,0.0771484375,0,False,False,3561,1,0→1
511,run_000511,52,1,4,CCW,UNLOADED,-1,3561,3562,1,2,7,0,True,digit_scan,DIGIT_MOVE,44100,2,1.4188888888888889,0.275458,True,171,2,0.006065936797712451,0.18231201171875,0,0.005031993453353892,0.131988525390625,0,False,False,3561,1,1→2
512,run_000512,52,2,4,CCW,UNLOADED,-1,3562,3563,2,3,7,0,True,digit_scan,DIGIT_MOVE,44100,2,1.4188888888888889,0.27423,True,171,2,0.0032187216194930948,0.06060791015625,0,0.003437191814756462,0.070404052734375,0,False,False,3561,1,2→3
513,run_000513,52,3,4,CCW,UNLOADED,-1,3563,3564,3,4,7,0,True,digit_scan,DIGIT_MOVE,44100,2,1.4188888888888889,0.274826,True,171,2,0.01386198143985073,0.73065185546875,0,0.0062430299212916885,0.1458740234375,0,False,False,3561,1,3→4
514,run_000514,52,4,4,CCW,UNLOADED,-1,3564,3565,4,5,7,0,True,digit_scan,DIGIT_MOVE,44100,2,1.4188888888888889,0.274935,True,171,2,0.005929407215275675,0.2408447265625,0,0.0037766258671897,0.0670166015625,0,False,False,3561,1,4→5
515,run_000515,52,5,4,CCW,UNLOADED,-1,3565,3566,5,6,7,0,True,digit_scan,DIGIT_MOVE,44100,2,1.4188888888888889,0.275114,True,171,2,0.0035107201553712356,0.0950927734375,0,0.002868732991437152,0.05828857421875,0,False,False,3561,1,5→6
516,run_000516,52,6,4,CCW,UNLOADED,-1,3566,3567,6,7,7,1,True,digit_scan,DIGIT_MOVE,44100,2,1.4188888888888889,0.275499,True,171,2,0.0023370595590373254,0.052886962890625,0,0.003100623243180929,0.049224853515625,0,False,False,3561,1,6→7
517,run_000517,52,7,4,CCW,UNLOADED,-1,3567,3568,7,8,7,0,True,digit_scan,DIGIT_MOVE,44100,2,1.4188888888888889,0.274875,True,171,2,0.0026202263248719655,0.092193603515625,0,0.0037258226638104677,0.06060791015625,0,False,False,3561,1,7→8
518,run_000518,52,8,4,CCW,UNLOADED,-1,3568,3569,8,9,7,0,True,digit_scan,DIGIT_MOVE,44100,2,1.4188888888888889,0.27441,True,171,2,0.0018627545628359524,0.0357666015625,0,0.0029604284918878653,0.0311279296875,0,False,False,3561,1,8→9
519,run_000519,52,9,4,CCW,UNLOADED,-1,3569,3560,9,0,7,0,True,digit_scan,DIGIT_MOVE,44100,2,1.4188888888888889,0.274889,True,171,2,0.0025567223634534505,0.06134033203125,0,0.0027619179362753645,0.0316162109375,0,False,False,3561,1,9→0
520,run_000520,52,10,4,CCW,UNLOADED,-1,3560,3561,0,1,7,0,True,digit_scan,DIGIT_MOVE,44100,2,1.4188888888888889,0.275468,True,171,2,0.00628124902387859,0.1697998046875,0,0.004255743615985806,0.1319580078125,0,False,False,3561,1,0→1
521,run_000521,53,1,4,CCW,UNLOADED,-1,3562,3563,2,3,7,0,True,digit_scan,DIGIT_MOVE,44100,2,1.4188888888888889,0.274197,True,171,2,0.009019603035588164,0.357574462890625,0,0.008799129006861481,0.22479248046875,0,False,False,3562,2,2→3
522,run_000522,53,2,4,CCW,UNLOADED,-1,3563,3564,3,4,7,0,True,digit_scan,DIGIT_MOVE,44100,2,1.4188888888888889,0.273808,True,171,2,0.011559762428038089,0.36181640625,0,0.00567666105052461,0.125579833984375,0,False,False,3562,2,3→4
523,run_000523,53,3,4,CCW,UNLOADED,-1,3564,3565,4,5,7,0,True,digit_scan,DIGIT_MOVE,44100,2,1.4188888888888889,0.275064,True,171,2,0.004900642675568797,0.214263916015625,0,0.0038017103213885245,0.070831298828125,0,False,False,3562,2,4→5
524,run_000524,53,4,4,CCW,UNLOADED,-1,3565,3566,5,6,7,0,True,digit_scan,DIGIT_MOVE,44100,2,1.4188888888888889,0.274296,True,171,2,0.0031144944809320257,0.076385498046875,0,0.0026618313304449274,0.0482177734375,0,False,False,3562,2,5→6
525,run_000525,53,5,4,CCW,UNLOADED,-1,3566,3567,6,7,7,1,True,digit_scan,DIGIT_MOVE,44100,2,1.4188888888888889,0.274725,True,171,2,0.002704994516654773,0.09344482421875,0,0.003375631030560822,0.051513671875,0,False,False,3562,2,6→7
526,run_000526,53,6,4,CCW,UNLOADED,-1,3567,3568,7,8,7,0,True,digit_scan,DIGIT_MOVE,44100,2,1.4188888888888889,0.275071,True,171,2,0.0027982159786158014,0.132293701171875,0,0.003259753764989134,0.0445556640625,0,False,False,3562,2,7→8
527,run_000527,53,7,4,CCW,UNLOADED,-1,3568,3569,8,9,7,0,True,digit_scan,DIGIT_MOVE,44100,2,1.4188888888888889,0.275443,True,171,2,0.0021765016445563427,0.055755615234375,0,0.003309080336907937,0.0501708984375,0,False,False,3562,2,8→9
528,run_000528,53,8,4,CCW,UNLOADED,-1,3569,3560,9,0,7,0,True,digit_scan,DIGIT_MOVE,44100,2,1.4188888888888889,0.274141,True,171,2,0.005675351971924085,0.259674072265625,0,0.0036313150673747416,0.06201171875,0,False,False,3562,2,9→0
529,run_000529,53,9,4,CCW,UNLOADED,-1,3560,3561,0,1,7,0,True,digit_scan,DIGIT_MOVE,44100,2,1.3876190476190475,0.275238,True,171,2,0.00861173607780552,0.302215576171875,0,0.0034162296337859853,0.062469482421875,0,False,False,3562,2,0→1
530,run_000530,53,10,4,CCW,UNLOADED,-1,3561,3562,1,2,7,0,True,digit_scan,DIGIT_MOVE,44100,2,1.4188888888888889,0.274525,True,171,2,0.008023909229998578,0.441741943359375,0,0.004049006230826363,0.078460693359375,0,False,False,3562,2,1→2
531,run_000531,54,1,4,CCW,LOADED,-1,3562,3563,2,3,7,0,True,digit_scan,DIGIT_MOVE,44100,2,1.4188888888888889,0.274838,True,171,2,0.0073996045515091055,0.183929443359375,0,0.009279167401189373,0.1845703125,0,False,False,3562,2,2→3
532,run_000532,54,2,4,CCW,LOADED,-1,3563,3564,3,4,7,0,True,digit_scan,DIGIT_MOVE,44100,2,1.4188888888888889,0.275495,True,171,2,0.014205088196588455,0.41961669921875,0,0.007215267489483295,0.1873779296875,0,False,False,3562,2,3→4
533,run_000533,54,3,4,CCW,LOADED,-1,3564,3565,4,5,7,0,True,digit_scan,DIGIT_MOVE,44100,2,1.4188888888888889,0.27496,True,171,2,0.0033352172492783247,0.071563720703125,0,0.0034641152635339237,0.060699462890625,0,False,False,3562,2,4→5
534,run_000534,54,4,4,CCW,LOADED,-1,3565,3566,5,6,7,0,True,digit_scan,DIGIT_MOVE,44100,2,1.4188888888888889,0.274332,True,171,2,0.0033538099948273834,0.10418701171875,0,0.0030559278604893863,0.0430908203125,0,False,False,3562,2,5→6
535,run_000535,54,5,4,CCW,LOADED,-1,3566,3567,6,7,7,1,True,digit_scan,DIGIT_MOVE,44100,2,1.4188888888888889,0.274491,True,171,2,0.004445706627013833,0.19091796875,0,0.0050805628364458955,0.108917236328125,0,False,False,3562,2,6→7
536,run_000536,54,6,4,CCW,LOADED,-1,3567,3568,7,8,7,0,True,digit_scan,DIGIT_MOVE,44100,2,1.4188888888888889,0.274121,True,171,2,0.003301364358475962,0.0872802734375,0,0.004426560571723482,0.1083984375,0,False,False,3562,2,7→8
537,run_000537,54,7,4,CCW,LOADED,-1,3568,3569,8,9,7,0,True,digit_scan,DIGIT_MOVE,44100,2,1.4188888888888889,0.274033,True,171,2,0.001610247613977679,0.015594482421875,0,0.003469197887796048,0.064697265625,0,False,False,3562,2,8→9
538,run_000538,54,8,4,CCW,LOADED,-1,3569,3560,9,0,7,0,True,digit_scan,DIGIT_MOVE,44100,2,1.4188888888888889,0.274218,True,171,2,0.0027447921127193987,0.079071044921875,0,0.0028537937285535724,0.052978515625,0,False,False,3562,2,9→0
539,run_000539,54,9,4,CCW,LOADED,-1,3560,3561,0,1,7,0,True,digit_scan,DIGIT_MOVE,44100,2,1.4188888888888889,0.274878,True,171,2,0.0038555658033383668,0.16650390625,0,0.0038119908307790882,0.080230712890625,0,False,False,3562,2,0→1
540,run_000540,54,10,4,CCW,LOADED,-1,3561,3562,1,2,7,0,True,digit_scan,DIGIT_MOVE,44100,2,1.4188888888888889,0.275479,True,171,2,0.009901346336650014,0.514984130859375,0,0.005586127756193947,0.1209716796875,0,False,False,3562,2,1→2
541,run_000541,55,1,4,CCW,LOADED,-1,3569,3560,9,0,7,0,True,digit_scan,DIGIT_MOVE,44100,2,1.4188888888888889,0.274451,True,171,2,0.004010002978707732,0.174896240234375,0,0.0031622968314533226,0.063446044921875,0,False,False,3569,9,9→0
542,run_000542,55,2,4,CCW,LOADED,-1,3560,3561,0,1,7,0,True,digit_scan,DIGIT_MOVE,44100,2,1.4188888888888889,0.275283,True,171,2,0.003235966011675838,0.109375,0,0.0032300091633614084,0.06707763671875,0,False,False,3569,9,0→1
543,run_000543,55,3,4,CCW,LOADED,-1,3561,3562,1,2,7,0,True,digit_scan,DIGIT_MOVE,44100,2,1.4188888888888889,0.274199,True,171,2,0.0038967320192074203,0.12969970703125,0,0.004464143578383014,0.10113525390625,0,False,False,3569,9,1→2
544,run_000544,55,4,4,CCW,LOADED,-1,3562,3563,2,3,7,0,True,digit_scan,DIGIT_MOVE,44100,2,1.4188888888888889,0.274489,True,171,2,0.01230223448675329,0.4818115234375,0,0.0065307788068659535,0.163787841796875,0,False,False,3569,9,2→3
545,run_000545,55,5,4,CCW,LOADED,-1,3563,3564,3,4,7,0,True,digit_scan,DIGIT_MOVE,44100,2,1.4188888888888889,0.27422,True,171,2,0.010552577427464013,0.431427001953125,0,0.008759397337400875,0.29718017578125,0,False,False,3569,9,3→4
546,run_000546,55,6,4,CCW,LOADED,-1,3564,3565,4,5,7,0,True,digit_scan,DIGIT_MOVE,44100,2,1.4188888888888889,0.275381,True,171,2,0.005928016366781126,0.3009033203125,0,0.005366613594404273,0.125335693359375,0,False,False,3569,9,4→5
547,run_000547,55,7,4,CCW,LOADED,-1,3565,3566,5,6,7,0,True,digit_scan,DIGIT_MOVE,44100,2,1.4188888888888889,0.27561,True,171,2,0.0030263332200898005,0.089935302734375,0,0.0029079668368065174,0.04132080078125,0,False,False,3569,9,5→6
548,run_000548,55,8,4,CCW,LOADED,-1,3566,3567,6,7,7,1,True,digit_scan,DIGIT_MOVE,44100,2,1.4188888888888889,0.2745,True,171,2,0.0021661327731534816,0.03692626953125,0,0.0032616531231731494,0.045440673828125,0,False,False,3569,9,6→7
549,run_000549,55,9,4,CCW,LOADED,-1,3567,3568,7,8,7,0,True,digit_scan,DIGIT_MOVE,44100,2,1.4188888888888889,0.274424,True,171,2,0.0022848534128370305,0.04022216796875,0,0.003950405815086283,0.0755615234375,0,False,False,3569,9,7→8
550,run_000550,55,10,4,CCW,LOADED,-1,3568,3569,8,9,7,0,True,digit_scan,DIGIT_MOVE,44100,2,1.4188888888888889,0.274619,True,171,2,0.0016814087817831381,0.020233154296875,0,0.0026369620157606385,0.0394287109375,0,False,False,3569,9,8→9
551,run_000551,56,1,4,CCW,UNLOADED,-1,3569,3560,9,0,7,0,True,digit_scan,DIGIT_MOVE,44100,2,1.4188888888888889,0.274058,True,171,2,0.008801343556157528,0.290924072265625,0,0.009153271057538761,0.259368896484375,0,False,False,3569,9,9→0
552,run_000552,56,2,4,CCW,UNLOADED,-1,3560,3561,0,1,7,0,True,digit_scan,DIGIT_MOVE,44100,2,1.4188888888888889,0.274722,True,171,2,0.0050822368264405275,0.150634765625,0,0.003054071180885638,0.0404052734375,0,False,False,3569,9,0→1
553,run_000553,56,3,4,CCW,UNLOADED,-1,3561,3562,1,2,7,0,True,digit_scan,DIGIT_MOVE,44100,2,1.4188888888888889,0.273693,True,171,2,0.0051436303379810595,0.155548095703125,0,0.004142114999354228,0.079254150390625,0,False,False,3569,9,1→2
554,run_000554,56,4,4,CCW,UNLOADED,-1,3562,3563,2,3,7,0,True,digit_scan,DIGIT_MOVE,44100,2,1.4188888888888889,0.274104,True,171,2,0.011659212920934666,0.89007568359375,0,0.008290068610446583,0.203369140625,0,False,False,3569,9,2→3
555,run_000555,56,5,4,CCW,UNLOADED,-1,3563,3564,3,4,7,0,True,digit_scan,DIGIT_MOVE,44100,2,1.4188888888888889,0.275347,True,171,2,0.012030362756265255,0.655731201171875,0,0.005226907294454132,0.130096435546875,0,False,False,3569,9,3→4
556,run_000556,56,6,4,CCW,UNLOADED,-1,3564,3565,4,5,7,0,True,digit_scan,DIGIT_MOVE,44100,2,1.4188888888888889,0.275062,True,171,2,0.00962089891999555,0.479339599609375,0,0.009796171602240101,0.30902099609375,0,False,False,3569,9,4→5
557,run_000557,56,7,4,CCW,UNLOADED,-1,3565,3566,5,6,7,0,True,digit_scan,DIGIT_MOVE,44100,2,1.4188888888888889,0.274496,True,171,2,0.0030511930414141688,0.064910888671875,0,0.003879035818950817,0.06689453125,0,False,False,3569,9,5→6
558,run_000558,56,8,4,CCW,UNLOADED,-1,3566,3567,6,7,7,1,True,digit_scan,DIGIT_MOVE,44100,2,1.4188888888888889,0.27566,True,171,2,0.004772204064046469,0.195831298828125,0,0.004084030782856108,0.062774658203125,0,False,False,3569,9,6→7
559,run_000559,56,9,4,CCW,UNLOADED,-1,3567,3568,7,8,7,0,True,digit_scan,DIGIT_MOVE,44100,2,1.4188888888888889,0.274828,True,171,2,0.0024930641575309546,0.066497802734375,0,0.003192678898061972,0.0426025390625,0,False,False,3569,9,7→8
560,run_000560,56,10,4,CCW,UNLOADED,-1,3568,3569,8,9,7,0,True,digit_scan,DIGIT_MOVE,44100,2,1.4188888888888889,0.274012,True,171,2,0.0024261632816061666,0.07415771484375,0,0.0023007792167327413,0.02587890625,0,False,False,3569,9,8→9
561,run_000561,57,1,4,CCW,UNLOADED,-1,3566,3567,6,7,7,1,True,digit_scan,DIGIT_MOVE,44100,2,1.4188888888888889,0.274888,True,171,2,0.00396696886266723,0.120941162109375,0,0.005153386118536723,0.13262939453125,0,False,False,3566,6,6→7
562,run_000562,57,2,4,CCW,UNLOADED,-1,3567,3568,7,8,7,0,True,digit_scan,DIGIT_MOVE,44100,2,1.4188888888888889,0.274202,True,171,2,0.00320180114907367,0.0831298828125,0,0.002903534863458055,0.04388427734375,0,False,False,3566,6,7→8
563,run_000563,57,3,4,CCW,UNLOADED,-1,3568,3569,8,9,7,0,True,digit_scan,DIGIT_MOVE,44100,2,1.4188888888888889,0.274187,True,171,2,0.002979683721388836,0.08258056640625,0,0.0026860291424485446,0.0318603515625,0,False,False,3566,6,8→9
564,run_000564,57,4,4,CCW,UNLOADED,-1,3569,3560,9,0,7,0,True,digit_scan,DIGIT_MOVE,44100,2,1.4188888888888889,0.275345,True,171,2,0.005065716927687729,0.218231201171875,0,0.003161959780772226,0.052276611328125,0,False,False,3566,6,9→0
565,run_000565,57,5,4,CCW,UNLOADED,-1,3560,3561,0,1,7,0,True,digit_scan,DIGIT_MOVE,44100,2,1.4188888888888889,0.274383,True,171,2,0.008447220059151996,0.266326904296875,0,0.004358623541176907,0.106231689453125,0,False,False,3566,6,0→1
566,run_000566,57,6,4,CCW,UNLOADED,-1,3561,3562,1,2,7,0,True,digit_scan,DIGIT_MOVE,44100,2,1.4188888888888889,0.275169,True,171,2,0.007433899187122791,0.37640380859375,0,0.005502493136823316,0.149169921875,0,False,False,3566,6,1→2
567,run_000567,57,7,4,CCW,UNLOADED,-1,3562,3563,2,3,7,0,True,digit_scan,DIGIT_MOVE,44100,2,1.4188888888888889,0.275155,True,171,2,0.006511150087341532,0.27032470703125,0,0.008884088260202016,0.2705078125,0,False,False,3566,6,2→3
568,run_000568,57,8,4,CCW,UNLOADED,-1,3563,3564,3,4,7,0,True,digit_scan,DIGIT_MOVE,44100,2,1.4188888888888889,0.275432,True,171,2,0.009824127460069512,0.402069091796875,0,0.008552635203535747,0.20928955078125,0,False,False,3566,6,3→4
569,run_000569,57,9,4,CCW,UNLOADED,-1,3564,3565,4,5,7,0,True,digit_scan,DIGIT_MOVE,44100,2,1.4188888888888889,0.274335,True,171,2,0.004154797805806722,0.16204833984375,0,0.004486563779013959,0.114959716796875,0,False,False,3566,6,4→5
570,run_000570,57,10,4,CCW,UNLOADED,-1,3565,3566,5,6,7,0,True,digit_scan,DIGIT_MOVE,44100,2,1.4188888888888889,0.274258,True,171,2,0.0028978118377850632,0.0540771484375,0,0.0032487587558132423,0.037353515625,0,False,False,3566,6,5→6
571,run_000571,58,1,4,CCW,LOADED,-1,3566,3567,6,7,7,1,True,digit_scan,DIGIT_MOVE,44100,2,1.4188888888888889,0.274307,True,171,2,0.0033400896594226502,0.08251953125,0,0.00471688214024553,0.13818359375,0,False,False,3566,6,6→7
572,run_000572,58,2,4,CCW,LOADED,-1,3567,3568,7,8,7,0,True,digit_scan,DIGIT_MOVE,44100,2,1.4188888888888889,0.274734,True,171,2,0.0030301498720261173,0.02581787109375,0,0.0029940213059421344,0.04205322265625,0,False,False,3566,6,7→8
573,run_000573,58,3,4,CCW,LOADED,-1,3568,3569,8,9,7,0,True,digit_scan,DIGIT_MOVE,44100,2,1.4188888888888889,0.27423,True,171,2,0.0017981667876428213,0.022674560546875,0,0.002605070578821259,0.03546142578125,0,False,False,3566,6,8→9
574,run_000574,58,4,4,CCW,LOADED,-1,3569,3560,9,0,7,0,True,digit_scan,DIGIT_MOVE,44100,2,1.4188888888888889,0.27528,True,171,2,0.0028375765903600795,0.14990234375,0,0.00311200372023997,0.04937744140625,0,False,False,3566,6,9→0
575,run_000575,58,5,4,CCW,LOADED,-1,3560,3561,0,1,7,0,True,digit_scan,DIGIT_MOVE,44100,2,1.4188888888888889,0.275102,True,171,2,0.004634934039316709,0.280670166015625,0,0.004280480529060044,0.08245849609375,0,False,False,3566,6,0→1
576,run_000576,58,6,4,CCW,LOADED,-1,3561,3562,1,2,7,0,True,digit_scan,DIGIT_MOVE,44100,2,1.4188888888888889,0.274321,True,171,2,0.009226160264862879,0.37841796875,0,0.004535167894622252,0.082916259765625,0,False,False,3566,6,1→2
577,run_000577,58,7,4,CCW,LOADED,-1,3562,3563,2,3,7,0,True,digit_scan,DIGIT_MOVE,44100,2,1.4188888888888889,0.273958,True,171,2,0.01040669379940147,0.472259521484375,0,0.0081569025796465,0.23480224609375,0,False,False,3566,6,2→3
578,run_000578,58,8,4,CCW,LOADED,-1,3563,3564,3,4,7,0,True,digit_scan,DIGIT_MOVE,44100,2,1.4188888888888889,0.275131,True,171,2,0.01268601937438709,0.503997802734375,0,0.008752553568554667,0.2701416015625,0,False,False,3566,6,3→4
579,run_000579,58,9,4,CCW,LOADED,-1,3564,3565,4,5,7,0,True,digit_scan,DIGIT_MOVE,44100,2,1.4188888888888889,0.274696,True,171,2,0.013181110884637602,0.52935791015625,0,0.010302454115805564,0.286224365234375,0,False,False,3566,6,4→5
580,run_000580,58,10,4,CCW,LOADED,-1,3565,3566,5,6,7,0,True,digit_scan,DIGIT_MOVE,44100,2,1.4188888888888889,0.275318,True,171,2,0.00866050395277478,0.362396240234375,0,0.0034275313531379878,0.048828125,0,False,False,3566,6,5→6
581,run_000581,59,1,4,CCW,LOADED,-1,3563,3564,3,4,7,0,True,digit_scan,DIGIT_MOVE,44100,2,1.4188888888888889,0.274472,True,171,2,0.0077395278260877914,0.322509765625,0,0.008888819826725838,0.182342529296875,0,False,False,3563,3,3→4
582,run_000582,59,2,4,CCW,LOADED,-1,3564,3565,4,5,7,0,True,digit_scan,DIGIT_MOVE,44100,2,1.4188888888888889,0.27434,True,171,2,0.006383316000753643,0.194671630859375,0,0.004557326075969292,0.0966796875,0,False,False,3563,3,4→5
583,run_000583,59,3,4,CCW,LOADED,-1,3565,3566,5,6,7,0,True,digit_scan,DIGIT_MOVE,44100,2,1.4188888888888889,0.274363,True,171,2,0.004672274852834633,0.161529541015625,0,0.002955845456837051,0.026031494140625,0,False,False,3563,3,5→6
584,run_000584,59,4,4,CCW,LOADED,-1,3566,3567,6,7,7,1,True,digit_scan,DIGIT_MOVE,44100,2,1.4188888888888889,0.275537,True,171,2,0.0031460421146450746,0.146759033203125,0,0.003383332736067205,0.047271728515625,0,False,False,3563,3,6→7
585,run_000585,59,5,4,CCW,LOADED,-1,3567,3568,7,8,7,0,True,digit_scan,DIGIT_MOVE,44100,2,1.4188888888888889,0.275181,True,171,2,0.002270130911647099,0.05389404296875,0,0.0028956140537246093,0.042938232421875,0,False,False,3563,3,7→8
586,run_000586,59,6,4,CCW,LOADED,-1,3568,3569,8,9,7,0,True,digit_scan,DIGIT_MOVE,44100,2,1.4188888888888889,0.273944,True,171,2,0.0020962450666978947,0.04425048828125,0,0.002373854572341254,0.03045654296875,0,False,False,3563,3,8→9
587,run_000587,59,7,4,CCW,LOADED,-1,3569,3560,9,0,7,0,True,digit_scan,DIGIT_MOVE,44100,2,1.4188888888888889,0.273924,True,171,2,0.0032861974293148543,0.12579345703125,0,0.004235217536852317,0.1112060546875,0,False,False,3563,3,9→0
588,run_000588,59,8,4,CCW,LOADED,-1,3560,3561,0,1,7,0,True,digit_scan,DIGIT_MOVE,44100,2,1.4188888888888889,0.273981,True,171,2,0.004627286277140668,0.2061767578125,0,0.003963454671548801,0.078857421875,0,False,False,3563,3,0→1
589,run_000589,59,9,4,CCW,LOADED,-1,3561,3562,1,2,7,0,True,digit_scan,DIGIT_MOVE,44100,2,1.4188888888888889,0.275092,True,171,2,0.006010966816842682,0.29095458984375,0,0.004517499800057596,0.113433837890625,0,False,False,3563,3,1→2
590,run_000590,59,10,4,CCW,LOADED,-1,3562,3563,2,3,7,0,True,digit_scan,DIGIT_MOVE,44100,2,1.4188888888888889,0.274956,True,171,2,0.01139124014286849,0.35223388671875,0,0.006465016277578131,0.166229248046875,0,False,False,3563,3,2→3
591,run_000591,60,1,4,CCW,UNLOADED,-1,3563,3564,3,4,7,0,True,digit_scan,DIGIT_MOVE,44100,2,1.4188888888888889,0.274398,True,171,2,0.00860234386123582,0.266326904296875,0,0.009349382471404022,0.21954345703125,0,False,False,3563,3,3→4
592,run_000592,60,2,4,CCW,UNLOADED,-1,3564,3565,4,5,7,0,True,digit_scan,DIGIT_MOVE,44100,2,1.4188888888888889,0.274364,True,171,2,0.005996431368707525,0.232513427734375,0,0.004831789821412709,0.110687255859375,0,False,False,3563,3,4→5
593,run_000593,60,3,4,CCW,UNLOADED,-1,3565,3566,5,6,7,0,True,digit_scan,DIGIT_MOVE,44100,2,1.4188888888888889,0.275491,True,171,2,0.0032321223886422035,0.062652587890625,0,0.003013635878946023,0.055419921875,0,False,False,3563,3,5→6
594,run_000594,60,4,4,CCW,UNLOADED,-1,3566,3567,6,7,7,1,True,digit_scan,DIGIT_MOVE,44100,2,1.4188888888888889,0.275209,True,171,2,0.003672913988655504,0.13372802734375,0,0.003414907123466248,0.059906005859375,0,False,False,3563,3,6→7
595,run_000595,60,5,4,CCW,UNLOADED,-1,3567,3568,7,8,7,0,True,digit_scan,DIGIT_MOVE,44100,2,1.4188888888888889,0.274797,True,171,2,0.002886623455668384,0.092071533203125,0,0.0026843732093595604,0.04302978515625,0,False,False,3563,3,7→8
596,run_000596,60,6,4,CCW,UNLOADED,-1,3568,3569,8,9,7,0,True,digit_scan,DIGIT_MOVE,44100,2,1.4188888888888889,0.273688,True,171,2,0.002186513247929901,0.043304443359375,0,0.002250658561313655,0.037872314453125,0,False,False,3563,3,8→9
597,run_000597,60,7,4,CCW,UNLOADED,-1,3569,3560,9,0,7,0,True,digit_scan,DIGIT_MOVE,44100,2,1.4188888888888889,0.274626,True,171,2,0.007908511729164574,0.263580322265625,0,0.0035405083508038846,0.08905029296875,0,False,False,3563,3,9→0
598,run_000598,60,8,4,CCW,UNLOADED,-1,3560,3561,0,1,7,0,True,digit_scan,DIGIT_MOVE,44100,2,1.4188888888888889,0.274757,True,171,2,0.008302879472463082,0.289276123046875,0,0.0036162236224262546,0.075439453125,0,False,False,3563,3,0→1
599,run_000599,60,9,4,CCW,UNLOADED,-1,3561,3562,1,2,7,0,True,digit_scan,DIGIT_MOVE,44100,2,1.4188888888888889,0.274743,True,171,2,0.007844316283604057,0.417083740234375,0,0.003766282708658705,0.08074951171875,0,False,False,3563,3,1→2
600,run_000600,60,10,4,CCW,UNLOADED,-1,3562,3563,2,3,7,0,True,digit_scan,DIGIT_MOVE,44100,2,1.4188888888888889,0.274448,True,171,2,0.00674158170729706,0.291839599609375,0,0.007718910367265765,0.20635986328125,0,False,False,3563,3,2→3
